decision,Model,Path Gambar,Nama File,Jumlah Objek,Kelas Unik,Kelas Dominan,Label YOLO Format
benar,Model,C:\Users\Aldan\Desktop\ImproTYT\INNOVA\DatasetOK02072025\CAMERA_1_2025-06-24_00-36-39.jpg,CAMERA_1_2025-06-24_00-36-39.jpg,26,"[0, 1, 3, 4, 5, 6, 7, 8, 9, 10, 11, 12, 13, 14, 15, 17, 19, 20, 21, 22, 23, 24, 25, 26, 27, 28]",8,"['8 0.335355 0.688301 0.042092 0.07971', '26 0.369964 0.731944 0.022852 0.023248', '19 0.58116 0.614105 0.023133 0.02282', '11 0.358757 0.572044 0.022895 0.022919', '9 0.557377 0.630319 0.022831 0.023451', '12 0.418617 0.545881 0.022935 0.023291', '4 0.532457 0.592282 0.026951 0.033007', '3 0.613923 0.620178 0.02294 0.047656', '5 0.347958 0.64825 0.023057 0.023219', '25 0.353787 0.825644 0.023072 0.023623', '13 0.505681 0.557114 0.023521 0.023594', '1 0.555207 0.861317 0.026179 0.041483', '17 0.59231 0.785901 0.022906 0.023602', '20 0.348759 0.533314 0.022989 0.02347', '23 0.569802 0.524381 0.023257 0.023265', '7 0.308772 0.689562 0.022932 0.023109', '24 0.609326 0.781012 0.022959 0.02304', '10 0.567289 0.634282 0.022649 0.023503', '22 0.492569 0.507688 0.023289 0.023944', '6 0.356123 0.716616 0.023318 0.02271', '14 0.586092 0.634404 0.023218 0.023568', '27 0.436101 0.507795 0.023396 0.023358', '21 0.423213 0.50474 0.023298 0.023224', '15 0.537827 0.678146 0.023425 0.023426', '0 0.59151 0.689153 0.02353 0.024036', '28 0.556902 0.543896 0.023466 0.022838']"
orang,Model,C:\Users\Aldan\Desktop\ImproTYT\INNOVA\DatasetOK02072025\CAMERA_1_2025-06-24_00-38-21.jpg,CAMERA_1_2025-06-24_00-38-21.jpg,24,"[0, 2, 3, 4, 5, 6, 7, 8, 9, 10, 11, 12, 13, 14, 16, 19, 20, 21, 22, 23, 25, 26, 27, 28]",10,"['10 0.568068 0.624186 0.023682 0.023218', '19 0.582273 0.603958 0.02326 0.023434', '12 0.418895 0.535618 0.023368 0.023763', '8 0.334076 0.677795 0.046387 0.084187', '23 0.571331 0.513251 0.023052 0.023328', '28 0.558735 0.533362 0.023231 0.023471', '11 0.359291 0.560942 0.023193 0.023345', '4 0.533317 0.581242 0.029948 0.036826', '9 0.557925 0.619341 0.023307 0.023692', '26 0.370331 0.72112 0.023085 0.023133', '14 0.588064 0.624871 0.02381 0.02381', '6 0.355856 0.70538 0.023388 0.023739', '5 0.347474 0.636655 0.02305 0.023021', '22 0.493605 0.496676 0.023439 0.02337', '16 0.538633 0.670078 0.023075 0.023945', '3 0.616904 0.610157 0.023489 0.044461', '21 0.423782 0.49297 0.023148 0.023597', '2 0.554479 0.851827 0.026305 0.044076', '27 0.436952 0.496186 0.023406 0.023555', '25 0.353749 0.81566 0.023449 0.023557', '13 0.505918 0.547209 0.023705 0.02367', '7 0.307136 0.678514 0.023479 0.023717', '0 0.593695 0.677019 0.024567 0.025334', '20 0.349403 0.522038 0.023231 0.023467']"
benar,Model,C:\Users\Aldan\Desktop\ImproTYT\INNOVA\DatasetOK02072025\CAMERA_1_2025-06-24_00-56-41.jpg,CAMERA_1_2025-06-24_00-56-41.jpg,26,"[0, 2, 3, 4, 5, 6, 7, 8, 9, 10, 11, 12, 13, 14, 16, 18, 19, 20, 21, 22, 23, 24, 25, 26, 27, 28]",28,"['28 0.557412 0.540881 0.023101 0.023061', '9 0.557615 0.62904 0.022839 0.023542', '11 0.357039 0.570402 0.022404 0.022396', '19 0.580565 0.612849 0.022836 0.022462', '8 0.332747 0.689124 0.044214 0.082661', '3 0.615271 0.622299 0.023366 0.052383', '26 0.368934 0.732746 0.023629 0.024005', '20 0.347854 0.53235 0.022825 0.023107', '4 0.532522 0.59131 0.029166 0.03491', '25 0.352064 0.827424 0.023423 0.023448', '23 0.570358 0.521869 0.023194 0.023216', '5 0.346015 0.647547 0.023475 0.023434', '6 0.354648 0.717374 0.023668 0.0235', '24 0.610313 0.781191 0.023451 0.023307', '18 0.592035 0.785858 0.023557 0.023969', '16 0.537819 0.679599 0.023222 0.023955', '7 0.306165 0.689587 0.023215 0.023487', '2 0.553329 0.866698 0.028076 0.052255', '14 0.586362 0.634076 0.023652 0.023423', '22 0.491824 0.504876 0.02369 0.023695', '21 0.422408 0.503228 0.023143 0.023089', '27 0.435208 0.506305 0.023138 0.023295', '12 0.417192 0.544893 0.023106 0.023208', '10 0.567352 0.632791 0.023296 0.023159', '0 0.591615 0.688844 0.023197 0.023771', '13 0.504626 0.555741 0.024031 0.024033']"
benar,Model,C:\Users\Aldan\Desktop\ImproTYT\INNOVA\DatasetOK02072025\CAMERA_1_2025-06-24_00-56-56.jpg,CAMERA_1_2025-06-24_00-56-56.jpg,26,"[0, 1, 3, 4, 5, 6, 7, 8, 9, 10, 11, 12, 13, 14, 15, 17, 19, 20, 21, 22, 23, 24, 25, 26, 27, 28]",10,"['10 0.565835 0.624799 0.023 0.023218', '11 0.357823 0.563131 0.023028 0.022982', '19 0.579477 0.605508 0.022524 0.023007', '8 0.333538 0.678714 0.042412 0.078983', '23 0.568462 0.515754 0.023234 0.022963', '28 0.556192 0.534659 0.023166 0.023182', '12 0.417138 0.53853 0.023073 0.023419', '25 0.352344 0.815291 0.023345 0.023148', '9 0.55531 0.620378 0.023528 0.023601', '4 0.53014 0.582828 0.026545 0.033011', '21 0.421733 0.49622 0.023868 0.023709', '7 0.306647 0.680154 0.023267 0.023954', '5 0.346465 0.638844 0.022885 0.023408', '14 0.584459 0.625365 0.023076 0.023318', '20 0.347599 0.524934 0.023182 0.022778', '13 0.50413 0.549991 0.023387 0.023689', '6 0.354379 0.70689 0.023164 0.023174', '24 0.608274 0.769498 0.02294 0.02283', '1 0.553532 0.8508 0.026573 0.04261', '15 0.535548 0.669166 0.022531 0.022923', '3 0.612576 0.612435 0.023584 0.047531', '17 0.590496 0.774537 0.023328 0.023284', '22 0.491677 0.499016 0.023394 0.023632', '27 0.435385 0.499263 0.023936 0.023488', '26 0.368236 0.722562 0.023764 0.023488', '0 0.589787 0.67814 0.023184 0.023337']"
benar,Model,C:\Users\Aldan\Desktop\ImproTYT\INNOVA\DatasetOK02072025\CAMERA_1_2025-06-24_01-17-35.jpg,CAMERA_1_2025-06-24_01-17-35.jpg,26,"[0, 2, 3, 4, 5, 6, 7, 8, 9, 10, 11, 12, 13, 14, 16, 18, 19, 20, 21, 22, 23, 24, 25, 26, 27, 28]",10,"['10 0.566206 0.629578 0.023459 0.023683', '28 0.555876 0.539411 0.02289 0.023091', '23 0.568792 0.51905 0.023317 0.023168', '8 0.333945 0.684304 0.044097 0.081577', '12 0.417406 0.541823 0.023093 0.023296', '19 0.580017 0.609878 0.023269 0.023282', '26 0.369223 0.727362 0.0234 0.023294', '14 0.585318 0.629872 0.023361 0.023545', '25 0.353005 0.821359 0.02351 0.02359', '9 0.556351 0.624388 0.023499 0.023479', '3 0.613793 0.617287 0.023452 0.049319', '11 0.357614 0.566907 0.023391 0.023076', '24 0.608555 0.77553 0.022838 0.022768', '4 0.531175 0.587071 0.029077 0.035621', '20 0.348287 0.528926 0.022721 0.022878', '16 0.536932 0.674386 0.023097 0.023869', '7 0.307117 0.685156 0.023261 0.023676', '2 0.552618 0.861001 0.028663 0.053099', '6 0.355089 0.711799 0.023244 0.023431', '5 0.346661 0.643378 0.023039 0.023266', '22 0.491656 0.502689 0.02329 0.023436', '18 0.590665 0.779231 0.023472 0.023672', '0 0.590516 0.683258 0.023137 0.023412', '27 0.43455 0.503915 0.023227 0.02293', '13 0.504319 0.553933 0.023598 0.024099', '21 0.422109 0.499673 0.023138 0.023506']"
benar,Model,C:\Users\Aldan\Desktop\ImproTYT\INNOVA\DatasetOK02072025\CAMERA_1_2025-06-24_01-40-57.jpg,CAMERA_1_2025-06-24_01-40-57.jpg,26,"[0, 2, 3, 4, 5, 6, 7, 8, 9, 10, 11, 12, 13, 14, 16, 18, 19, 20, 21, 22, 23, 24, 25, 26, 27, 28]",10,"['10 0.57017 0.635229 0.023546 0.023698', '19 0.584483 0.616326 0.022597 0.023303', '8 0.334667 0.690103 0.046359 0.084317', '12 0.420034 0.54605 0.023916 0.023883', '4 0.535061 0.592419 0.028806 0.035354', '14 0.59003 0.636635 0.023216 0.023027', '11 0.35985 0.571926 0.023386 0.023128', '3 0.619344 0.625663 0.023695 0.050666', '23 0.573052 0.523594 0.023151 0.023244', '24 0.613386 0.783994 0.023759 0.023542', '26 0.370432 0.733772 0.023287 0.023806', '5 0.347628 0.648118 0.023108 0.023253', '9 0.560746 0.630848 0.023421 0.024019', '20 0.349604 0.533126 0.023406 0.023741', '13 0.507915 0.558447 0.02361 0.023734', '7 0.307806 0.690295 0.02292 0.02338', '6 0.356432 0.717759 0.023743 0.023358', '22 0.49486 0.50671 0.023606 0.023865', '28 0.560711 0.543079 0.023182 0.022955', '0 0.594228 0.690858 0.023474 0.023388', '27 0.437951 0.506657 0.023681 0.023287', '2 0.555865 0.870089 0.027248 0.050971', '21 0.424871 0.503875 0.022628 0.023299', '16 0.540297 0.681255 0.023018 0.02414', '18 0.595073 0.788498 0.023747 0.023543', '25 0.353972 0.829514 0.023276 0.023709']"
benar,Model,C:\Users\Aldan\Desktop\ImproTYT\INNOVA\DatasetOK02072025\CAMERA_1_2025-06-24_01-42-40.jpg,CAMERA_1_2025-06-24_01-42-40.jpg,26,"[0, 2, 3, 4, 5, 6, 7, 8, 9, 10, 11, 12, 13, 14, 16, 18, 19, 20, 21, 22, 23, 24, 25, 26, 27, 28]",28,"['28 0.556229 0.542202 0.022651 0.023303', '8 0.334052 0.686728 0.044125 0.082374', '19 0.579326 0.613346 0.022639 0.022978', '11 0.357794 0.570419 0.022972 0.023055', '9 0.556294 0.628084 0.023859 0.023429', '26 0.369212 0.729755 0.023147 0.023051', '25 0.352848 0.823775 0.023208 0.023507', '3 0.613163 0.621044 0.02367 0.051737', '24 0.608505 0.778753 0.023356 0.023216', '4 0.531547 0.590995 0.028612 0.034813', '20 0.348192 0.531887 0.023031 0.023364', '12 0.4178 0.545011 0.023086 0.023237', '23 0.568807 0.52196 0.023701 0.023675', '6 0.355265 0.71453 0.023204 0.023286', '2 0.552125 0.864368 0.029372 0.055271', '5 0.3468 0.64582 0.023203 0.023388', '18 0.590411 0.782144 0.023442 0.023812', '7 0.307519 0.687868 0.022982 0.023656', '22 0.491489 0.505517 0.023215 0.023445', '21 0.422354 0.502978 0.023554 0.023598', '27 0.434964 0.506451 0.023047 0.023135', '16 0.536781 0.677329 0.02337 0.023887', '10 0.565957 0.632016 0.02307 0.023089', '0 0.589371 0.686648 0.02303 0.023308', '13 0.504167 0.55644 0.022829 0.023259', '14 0.584999 0.633616 0.022978 0.023277']"
benar,Model,C:\Users\Aldan\Desktop\ImproTYT\INNOVA\DatasetOK02072025\CAMERA_1_2025-06-24_01-59-09.jpg,CAMERA_1_2025-06-24_01-59-09.jpg,26,"[0, 1, 3, 4, 5, 6, 7, 8, 9, 10, 11, 12, 13, 14, 15, 17, 19, 20, 21, 22, 23, 24, 25, 26, 27, 28]",28,"['28 0.55895 0.541466 0.023136 0.02314', '9 0.559005 0.628701 0.022795 0.023196', '8 0.334718 0.688642 0.043319 0.080461', '15 0.53933 0.676435 0.023414 0.023792', '13 0.506553 0.556876 0.02327 0.023484', '11 0.358393 0.571579 0.023063 0.023211', '22 0.493173 0.505995 0.023432 0.023946', '26 0.370256 0.731729 0.023429 0.023761', '17 0.594801 0.784804 0.023012 0.023101', '19 0.582867 0.612945 0.022838 0.022951', '4 0.533576 0.590048 0.027127 0.03286', '5 0.347525 0.648244 0.023361 0.02379', '24 0.612093 0.780734 0.023283 0.023802', '23 0.571608 0.521416 0.022842 0.022899', '25 0.353396 0.827285 0.023357 0.023795', '3 0.616489 0.616698 0.02326 0.045538', '20 0.348692 0.53246 0.022742 0.023073', '1 0.556381 0.862549 0.027505 0.042849', '6 0.35631 0.717031 0.023609 0.02325', '7 0.3077 0.690228 0.022879 0.022896', '27 0.436307 0.506182 0.023778 0.023602', '21 0.42312 0.502939 0.023516 0.023524', '12 0.41854 0.545008 0.02281 0.023053', '10 0.5691 0.632547 0.023629 0.023471', '0 0.594021 0.686302 0.02293 0.0234', '14 0.588267 0.632477 0.023696 0.022816']"
benar,Model,C:\Users\Aldan\Desktop\ImproTYT\INNOVA\DatasetOK02072025\CAMERA_1_2025-06-24_02-00-57.jpg,CAMERA_1_2025-06-24_02-00-57.jpg,26,"[0, 1, 3, 4, 5, 6, 7, 8, 9, 10, 11, 12, 13, 14, 15, 17, 19, 20, 21, 22, 23, 24, 25, 26, 27, 28]",28,"['28 0.558135 0.541354 0.023005 0.023114', '9 0.558162 0.628991 0.022823 0.023555', '8 0.333765 0.688696 0.042558 0.080032', '19 0.582473 0.612926 0.023137 0.023117', '11 0.357847 0.571194 0.023218 0.023226', '26 0.369502 0.731691 0.023368 0.023797', '17 0.593342 0.78508 0.023235 0.023717', '25 0.352049 0.827013 0.023224 0.02341', '13 0.505976 0.556417 0.022997 0.023202', '4 0.532878 0.590759 0.027105 0.032168', '5 0.346496 0.647774 0.023435 0.023473', '22 0.4924 0.505978 0.02333 0.023927', '3 0.615592 0.617461 0.023155 0.046335', '1 0.554942 0.862979 0.026679 0.042828', '24 0.610939 0.780798 0.023256 0.02371', '15 0.538265 0.677215 0.023438 0.02355', '20 0.347997 0.532497 0.02277 0.023232', '7 0.306694 0.68973 0.023242 0.023104', '6 0.355189 0.716897 0.023905 0.0238', '23 0.570979 0.521323 0.023066 0.023288', '27 0.435476 0.506171 0.023428 0.023559', '12 0.417549 0.545069 0.022873 0.023225', '21 0.422344 0.503366 0.023643 0.023391', '10 0.568164 0.632671 0.023197 0.022836', '0 0.593225 0.687347 0.023322 0.023665', '14 0.587392 0.633364 0.024236 0.023576']"
benar,Model,C:\Users\Aldan\Desktop\ImproTYT\INNOVA\DatasetOK02072025\CAMERA_1_2025-06-24_02-04-34.jpg,CAMERA_1_2025-06-24_02-04-34.jpg,26,"[0, 2, 3, 4, 5, 6, 7, 8, 9, 10, 11, 12, 13, 14, 16, 18, 19, 20, 21, 22, 23, 24, 25, 26, 27, 28]",19,"['19 0.585842 0.615288 0.0232 0.023213', '8 0.336187 0.689447 0.045532 0.082575', '4 0.536174 0.592644 0.029338 0.035431', '24 0.614061 0.784284 0.022618 0.022884', '28 0.562056 0.542754 0.023262 0.023199', '10 0.571505 0.635507 0.023817 0.023256', '14 0.590576 0.636071 0.023216 0.023586', '12 0.420885 0.545204 0.023374 0.023512', '3 0.620011 0.623875 0.02327 0.052034', '11 0.360745 0.571739 0.023192 0.023248', '25 0.354604 0.828871 0.023326 0.023652', '20 0.350504 0.532 0.023299 0.023579', '2 0.557197 0.870596 0.02864 0.05315', '16 0.541947 0.681137 0.023155 0.023393', '9 0.561537 0.631026 0.023753 0.023701', '26 0.371874 0.734566 0.023674 0.024042', '5 0.348913 0.648618 0.023388 0.023811', '22 0.496087 0.507129 0.023376 0.023817', '6 0.357522 0.718879 0.023868 0.023615', '27 0.438671 0.507315 0.023213 0.023361', '13 0.508607 0.558722 0.023866 0.023709', '23 0.574281 0.523303 0.022891 0.023011', '21 0.425626 0.503512 0.023444 0.02338', '7 0.308961 0.690199 0.023302 0.023574', '18 0.59601 0.788144 0.023679 0.023243', '0 0.59584 0.689422 0.02325 0.023298']"
benar,Model,C:\Users\Aldan\Desktop\ImproTYT\INNOVA\DatasetOK02072025\CAMERA_1_2025-06-24_02-49-32.jpg,CAMERA_1_2025-06-24_02-49-32.jpg,26,"[0, 1, 3, 4, 5, 6, 7, 8, 9, 10, 11, 12, 13, 14, 15, 17, 19, 20, 21, 22, 23, 24, 25, 26, 27, 28]",10,"['10 0.569935 0.635265 0.023613 0.024101', '8 0.334974 0.689534 0.043309 0.080983', '19 0.583989 0.616119 0.022601 0.02318', '11 0.358904 0.571412 0.023571 0.023324', '23 0.573099 0.524347 0.023377 0.023377', '15 0.540467 0.681027 0.023505 0.023308', '24 0.612829 0.784576 0.02277 0.023104', '4 0.534899 0.592577 0.027223 0.033211', '12 0.419554 0.545615 0.023559 0.02365', '13 0.507684 0.558543 0.023277 0.023926', '5 0.347836 0.648841 0.023273 0.023479', '1 0.557645 0.867059 0.026398 0.04397', '9 0.560032 0.631494 0.023883 0.024631', '25 0.353741 0.828672 0.02251 0.022756', '3 0.61797 0.622379 0.023653 0.047332', '14 0.589382 0.635911 0.0231 0.022866', '26 0.370121 0.73431 0.023368 0.023596', '22 0.494885 0.505998 0.023522 0.023882', '17 0.59528 0.789081 0.023692 0.023307', '7 0.307762 0.690666 0.023215 0.023488', '20 0.349479 0.532388 0.0231 0.023528', '6 0.356318 0.719052 0.023738 0.023422', '27 0.43775 0.506592 0.023743 0.023483', '21 0.424393 0.50426 0.022685 0.023303', '28 0.560088 0.54479 0.023393 0.023446', '0 0.593949 0.69129 0.023235 0.023494']"
benar,Model,C:\Users\Aldan\Desktop\ImproTYT\INNOVA\DatasetOK02072025\CAMERA_1_2025-06-24_03-15-02.jpg,CAMERA_1_2025-06-24_03-15-02.jpg,26,"[0, 1, 3, 4, 5, 6, 7, 8, 9, 10, 11, 12, 13, 14, 15, 17, 19, 20, 21, 22, 23, 24, 25, 26, 27, 28]",10,"['10 0.569424 0.625004 0.023193 0.023122', '26 0.37326 0.721087 0.023282 0.022779', '19 0.58383 0.605658 0.023216 0.02289', '8 0.338556 0.678083 0.043015 0.079997', '25 0.357212 0.81497 0.02275 0.023024', '23 0.57251 0.516808 0.022646 0.022826', '11 0.363024 0.562581 0.022961 0.022851', '15 0.540664 0.669883 0.022622 0.022767', '17 0.59438 0.775928 0.023143 0.023456', '9 0.559746 0.621097 0.023186 0.022852', '24 0.61142 0.771179 0.022644 0.022559', '28 0.560169 0.536111 0.022985 0.022802', '4 0.534481 0.583644 0.026454 0.033349', '14 0.588493 0.625849 0.02337 0.023346', '12 0.421792 0.538029 0.023429 0.023547', '20 0.353343 0.524821 0.022761 0.023062', '13 0.508198 0.551468 0.0227 0.023106', '1 0.557413 0.851367 0.026566 0.042568', '5 0.351559 0.638455 0.022957 0.023424', '3 0.617297 0.61361 0.023113 0.045676', '6 0.359541 0.706498 0.023004 0.022793', '0 0.593852 0.67881 0.023202 0.023244', '7 0.311846 0.678634 0.022444 0.023581', '21 0.426168 0.496718 0.022744 0.023317', '22 0.495593 0.499348 0.023357 0.023698', '27 0.439028 0.50042 0.023215 0.023297']"
benar,Model,C:\Users\Aldan\Desktop\ImproTYT\INNOVA\DatasetOK02072025\CAMERA_1_2025-06-24_03-16-52.jpg,CAMERA_1_2025-06-24_03-16-52.jpg,26,"[0, 2, 3, 4, 5, 6, 7, 8, 9, 10, 11, 12, 13, 14, 16, 18, 19, 20, 21, 22, 23, 24, 25, 26, 27, 28]",28,"['28 0.558555 0.54031 0.023654 0.023739', '10 0.567788 0.631118 0.022962 0.023382', '11 0.357525 0.568927 0.022456 0.022194', '23 0.570894 0.520607 0.023127 0.023348', '9 0.557935 0.62695 0.022782 0.023357', '26 0.369201 0.73091 0.023479 0.023609', '8 0.333748 0.68822 0.044695 0.082783', '25 0.352547 0.82656 0.023547 0.02385', '3 0.616747 0.619569 0.024017 0.049619', '22 0.493136 0.503785 0.023499 0.023636', '20 0.348156 0.531336 0.022682 0.022935', '24 0.611153 0.780383 0.023377 0.023153', '5 0.346588 0.646766 0.023318 0.023453', '18 0.59294 0.784091 0.023341 0.023536', '4 0.532642 0.5895 0.029421 0.035937', '6 0.355182 0.716093 0.02353 0.023428', '2 0.554379 0.865679 0.028293 0.051981', '14 0.587843 0.631904 0.023193 0.022932', '7 0.306641 0.68944 0.023438 0.0236', '19 0.582297 0.61229 0.023392 0.023594', '0 0.592045 0.686973 0.023277 0.023656', '27 0.435925 0.504697 0.023974 0.023642', '21 0.422789 0.502068 0.02361 0.023681', '12 0.417465 0.543502 0.023682 0.023926', '13 0.505154 0.555841 0.023354 0.023855', '16 0.538563 0.67754 0.023574 0.024195']"
benar,Model,C:\Users\Aldan\Desktop\ImproTYT\INNOVA\DatasetOK02072025\CAMERA_1_2025-06-24_03-32-40.jpg,CAMERA_1_2025-06-24_03-32-40.jpg,26,"[0, 2, 3, 4, 5, 6, 7, 8, 9, 10, 11, 12, 13, 14, 16, 18, 19, 20, 21, 22, 23, 24, 25, 26, 27, 28]",10,"['10 0.570352 0.62123 0.02339 0.023218', '23 0.573214 0.51228 0.022912 0.023514', '19 0.584447 0.602311 0.023141 0.022763', '8 0.339002 0.675432 0.043744 0.080434', '9 0.560314 0.616547 0.023191 0.023147', '12 0.422244 0.534094 0.023332 0.023567', '18 0.596392 0.770326 0.023404 0.023805', '2 0.557344 0.852338 0.029042 0.053464', '11 0.362886 0.55936 0.023352 0.023179', '14 0.590297 0.622158 0.023302 0.023152', '4 0.535387 0.579689 0.028686 0.035017', '26 0.374547 0.718672 0.023635 0.023854', '16 0.541403 0.666341 0.022884 0.023351', '3 0.618751 0.610971 0.023195 0.050081', '28 0.560722 0.531524 0.022791 0.023028', '6 0.360388 0.702995 0.023169 0.023039', '22 0.496441 0.495715 0.023085 0.023139', '21 0.426995 0.492998 0.023202 0.023409', '25 0.358328 0.811461 0.023535 0.023735', '27 0.440342 0.49595 0.023062 0.023335', '20 0.352725 0.521307 0.022852 0.023133', '0 0.594639 0.674902 0.023419 0.023412', '5 0.351633 0.635017 0.023343 0.023563', '13 0.508836 0.546838 0.023775 0.02365', '7 0.312257 0.676091 0.023001 0.023114', '24 0.613832 0.767144 0.022784 0.022658']"
benar,Model,C:\Users\Aldan\Desktop\ImproTYT\INNOVA\DatasetOK02072025\CAMERA_1_2025-06-24_03-33-55.jpg,CAMERA_1_2025-06-24_03-33-55.jpg,26,"[0, 1, 3, 4, 5, 6, 7, 8, 9, 10, 11, 12, 13, 14, 15, 17, 19, 20, 21, 22, 23, 24, 25, 26, 27, 28]",10,"['10 0.569857 0.637973 0.02336 0.02403', '8 0.335507 0.691388 0.043098 0.080177', '19 0.584172 0.618308 0.022774 0.023391', '25 0.354178 0.831661 0.023055 0.023724', '24 0.612699 0.787413 0.022855 0.023107', '11 0.359565 0.574603 0.022734 0.022632', '23 0.572869 0.526733 0.022874 0.023013', '5 0.3485 0.651726 0.022947 0.02297', '12 0.419895 0.549496 0.02337 0.023732', '4 0.535016 0.595357 0.026783 0.032357', '20 0.350236 0.535219 0.023019 0.023094', '3 0.618048 0.625214 0.023673 0.047892', '14 0.589249 0.639247 0.023234 0.023254', '28 0.560692 0.547069 0.022849 0.02291', '13 0.507856 0.560964 0.023192 0.023686', '17 0.595091 0.792307 0.023264 0.023212', '26 0.370568 0.735969 0.023062 0.023646', '15 0.540416 0.683603 0.02348 0.023926', '1 0.557559 0.868645 0.027363 0.043374', '22 0.494807 0.509492 0.023147 0.023454', '7 0.308255 0.69258 0.02345 0.023863', '27 0.437561 0.509508 0.023742 0.023558', '0 0.594209 0.693834 0.023287 0.023476', '6 0.3566 0.720367 0.023612 0.023059', '21 0.424646 0.506227 0.023025 0.023578', '9 0.560024 0.633868 0.023373 0.023206']"
benar,Model,C:\Users\Aldan\Desktop\ImproTYT\INNOVA\DatasetOK02072025\CAMERA_1_2025-06-24_03-37-33.jpg,CAMERA_1_2025-06-24_03-37-33.jpg,26,"[0, 2, 3, 4, 5, 6, 7, 8, 9, 10, 11, 12, 13, 14, 16, 18, 19, 20, 21, 22, 23, 24, 25, 26, 27, 28]",10,"['10 0.568395 0.628627 0.022949 0.022958', '28 0.558439 0.538616 0.023072 0.023262', '19 0.583192 0.608799 0.023263 0.02361', '23 0.571611 0.518785 0.02307 0.023193', '12 0.4196 0.540888 0.023644 0.023239', '8 0.335745 0.682362 0.044394 0.082281', '14 0.588374 0.62918 0.023069 0.023506', '25 0.354024 0.819343 0.023522 0.024315', '9 0.558823 0.62399 0.022369 0.022996', '11 0.360628 0.565775 0.022825 0.022764', '24 0.610136 0.775576 0.022815 0.022782', '16 0.538792 0.674484 0.022953 0.023774', '4 0.533654 0.58656 0.028227 0.035016', '3 0.616567 0.617352 0.022864 0.05063', '2 0.554 0.860231 0.028706 0.05372', '26 0.370588 0.724989 0.023415 0.022855', '20 0.350345 0.527238 0.022935 0.023056', '18 0.592499 0.779527 0.023217 0.023595', '22 0.493576 0.50121 0.023116 0.023547', '6 0.356335 0.71011 0.023467 0.023558', '0 0.592217 0.682537 0.022706 0.02348', '5 0.34873 0.641851 0.02307 0.023137', '7 0.309087 0.683529 0.022805 0.023684', '21 0.424219 0.498439 0.023608 0.024018', '27 0.437575 0.502333 0.024187 0.023645', '13 0.506162 0.552842 0.02363 0.02404']"
benar,Model,C:\Users\Aldan\Desktop\ImproTYT\INNOVA\DatasetOK02072025\CAMERA_1_2025-06-24_03-52-01.jpg,CAMERA_1_2025-06-24_03-52-01.jpg,26,"[0, 2, 3, 4, 5, 6, 7, 8, 9, 10, 11, 12, 13, 14, 16, 18, 19, 20, 21, 22, 23, 24, 25, 26, 27, 28]",12,"['12 0.418623 0.54685 0.023122 0.023441', '8 0.334568 0.690302 0.043857 0.082077', '19 0.582129 0.614298 0.022572 0.022299', '9 0.558406 0.630231 0.022954 0.023535', '11 0.358439 0.572289 0.022982 0.022502', '28 0.558439 0.542757 0.022849 0.023245', '18 0.593257 0.785939 0.023037 0.02382', '20 0.348485 0.534257 0.022749 0.023117', '26 0.369778 0.734448 0.023532 0.024099', '4 0.533405 0.592377 0.029096 0.035274', '3 0.61654 0.623182 0.023606 0.050764', '14 0.587459 0.634446 0.023059 0.023124', '23 0.571466 0.523139 0.023127 0.023181', '25 0.353656 0.829085 0.0235 0.02395', '5 0.347258 0.649714 0.02288 0.023001', '24 0.610557 0.781592 0.022976 0.023148', '16 0.538842 0.680412 0.02375 0.024156', '2 0.554481 0.868888 0.028297 0.053387', '22 0.493098 0.506885 0.023412 0.023774', '10 0.568053 0.633847 0.022829 0.023039', '6 0.355838 0.718913 0.023836 0.023566', '7 0.307772 0.69143 0.022677 0.022716', '21 0.423018 0.504589 0.023299 0.023143', '27 0.436062 0.507814 0.023356 0.023267', '0 0.592125 0.689685 0.023086 0.023677', '13 0.505923 0.557626 0.023477 0.023915']"
benar,Model,C:\Users\Aldan\Desktop\ImproTYT\INNOVA\DatasetOK02072025\CAMERA_1_2025-06-24_03-53-48.jpg,CAMERA_1_2025-06-24_03-53-48.jpg,26,"[0, 1, 3, 4, 5, 6, 7, 8, 9, 10, 11, 12, 13, 14, 15, 17, 19, 20, 21, 22, 23, 24, 25, 26, 27, 28]",10,"['10 0.564297 0.619745 0.023492 0.023627', '8 0.331628 0.673582 0.04264 0.079129', '11 0.356767 0.557907 0.023333 0.023218', '26 0.366973 0.716941 0.023327 0.024113', '12 0.415743 0.533166 0.022816 0.023248', '20 0.346913 0.519786 0.023101 0.023222', '24 0.607046 0.76613 0.023375 0.02289', '28 0.554629 0.529713 0.023218 0.023653', '23 0.567274 0.510555 0.023443 0.023541', '19 0.578386 0.600527 0.023194 0.023341', '13 0.503069 0.545971 0.023469 0.023819', '14 0.583731 0.620662 0.023512 0.023616', '4 0.529279 0.577665 0.026423 0.033019', '3 0.611574 0.606058 0.023212 0.047023', '21 0.420598 0.491909 0.022606 0.023116', '9 0.55439 0.615481 0.023255 0.023639', '17 0.589001 0.770623 0.023069 0.023379', '27 0.433064 0.493976 0.022739 0.022917', '15 0.535056 0.664467 0.023218 0.02364', '25 0.350737 0.811687 0.02321 0.023373', '7 0.304933 0.674494 0.023116 0.023841', '6 0.352951 0.701759 0.023558 0.023076', '22 0.490205 0.494622 0.023617 0.023802', '5 0.344865 0.634154 0.023218 0.023037', '0 0.588331 0.673775 0.022885 0.02321', '1 0.554092 0.843796 0.02558 0.039641']"
benar,Model,C:\Users\Aldan\Desktop\ImproTYT\INNOVA\DatasetOK02072025\CAMERA_1_2025-06-24_03-53-48.jpg,CAMERA_1_2025-06-24_03-53-48.jpg,26,"[0, 1, 3, 4, 5, 6, 7, 8, 9, 10, 11, 12, 13, 14, 15, 17, 19, 20, 21, 22, 23, 24, 25, 26, 27, 28]",10,"['10 0.564297 0.619745 0.023492 0.023627', '8 0.331628 0.673582 0.04264 0.079129', '11 0.356767 0.557907 0.023333 0.023218', '26 0.366973 0.716941 0.023327 0.024113', '12 0.415743 0.533166 0.022816 0.023248', '20 0.346913 0.519786 0.023101 0.023222', '24 0.607046 0.76613 0.023375 0.02289', '28 0.554629 0.529713 0.023218 0.023653', '23 0.567274 0.510555 0.023443 0.023541', '19 0.578386 0.600527 0.023194 0.023341', '13 0.503069 0.545971 0.023469 0.023819', '14 0.583731 0.620662 0.023512 0.023616', '4 0.529279 0.577665 0.026423 0.033019', '3 0.611574 0.606058 0.023212 0.047023', '21 0.420598 0.491909 0.022606 0.023116', '9 0.55439 0.615481 0.023255 0.023639', '17 0.589001 0.770623 0.023069 0.023379', '27 0.433064 0.493976 0.022739 0.022917', '15 0.535056 0.664467 0.023218 0.02364', '25 0.350737 0.811687 0.02321 0.023373', '7 0.304933 0.674494 0.023116 0.023841', '6 0.352951 0.701759 0.023558 0.023076', '22 0.490205 0.494622 0.023617 0.023802', '5 0.344865 0.634154 0.023218 0.023037', '0 0.588331 0.673775 0.022885 0.02321', '1 0.554092 0.843796 0.02558 0.039641']"
benar,Model,C:\Users\Aldan\Desktop\ImproTYT\INNOVA\DatasetOK02072025\CAMERA_1_2025-06-24_04-34-31.jpg,CAMERA_1_2025-06-24_04-34-31.jpg,26,"[0, 1, 3, 4, 5, 6, 7, 8, 9, 10, 11, 12, 13, 14, 15, 17, 19, 20, 21, 22, 23, 24, 25, 26, 27, 28]",10,"['10 0.570172 0.637524 0.023252 0.023761', '8 0.336076 0.690899 0.043079 0.080478', '19 0.584818 0.617694 0.02257 0.023171', '11 0.360307 0.573413 0.022824 0.022856', '24 0.612985 0.786069 0.023021 0.023218', '4 0.53532 0.594692 0.026731 0.033285', '25 0.354409 0.831264 0.023124 0.023687', '14 0.589658 0.637389 0.023076 0.022922', '5 0.348553 0.650683 0.023402 0.023767', '12 0.420683 0.548277 0.024238 0.024089', '3 0.617769 0.623837 0.023535 0.046894', '15 0.540544 0.684287 0.023658 0.024292', '23 0.573502 0.526039 0.022804 0.0224', '20 0.349784 0.534424 0.02293 0.023149', '1 0.557287 0.866408 0.027805 0.042389', '0 0.594629 0.692744 0.023175 0.023147', '7 0.308936 0.691184 0.022644 0.022598', '13 0.508047 0.560076 0.023189 0.023304', '17 0.595763 0.791379 0.023415 0.023205', '26 0.371152 0.735417 0.023585 0.024231', '22 0.495526 0.509006 0.023384 0.02366', '27 0.43814 0.509189 0.02347 0.023851', '6 0.357165 0.71959 0.023793 0.023287', '21 0.424883 0.505445 0.022784 0.023363', '9 0.560179 0.633819 0.023384 0.023198', '28 0.560653 0.544998 0.023056 0.022826']"
benar,Model,C:\Users\Aldan\Desktop\ImproTYT\INNOVA\DatasetOK02072025\CAMERA_1_2025-06-24_05-02-50.jpg,CAMERA_1_2025-06-24_05-02-50.jpg,26,"[0, 2, 3, 4, 5, 6, 7, 8, 9, 10, 11, 12, 13, 14, 16, 18, 19, 20, 21, 22, 23, 24, 25, 26, 27, 28]",10,"['10 0.568964 0.629175 0.022331 0.022751', '28 0.559668 0.540258 0.023137 0.023109', '8 0.33808 0.682555 0.045063 0.082331', '23 0.571983 0.520773 0.022842 0.023024', '12 0.421794 0.541995 0.023646 0.023144', '25 0.356705 0.819032 0.023105 0.023308', '9 0.559367 0.624463 0.021688 0.022428', '19 0.582878 0.609761 0.022676 0.022686', '13 0.507755 0.55479 0.0236 0.0234', '14 0.588628 0.630096 0.022974 0.023309', '4 0.534397 0.587622 0.028862 0.032698', '26 0.373351 0.725462 0.022919 0.022612', '3 0.617112 0.61985 0.023208 0.051168', '20 0.352458 0.529036 0.022757 0.023368', '11 0.362532 0.566177 0.023134 0.022924', '6 0.359174 0.710611 0.022714 0.022852', '24 0.611058 0.77482 0.022822 0.022882', '22 0.495552 0.503951 0.023354 0.023422', '5 0.350905 0.642592 0.023225 0.023075', '2 0.555455 0.857851 0.025287 0.044282', '7 0.311371 0.682959 0.022559 0.023306', '0 0.592944 0.683552 0.0228 0.02306', '16 0.540151 0.674257 0.02265 0.035903', '27 0.438839 0.504189 0.0234 0.023182', '21 0.426019 0.50115 0.023385 0.02309', '18 0.593207 0.769314 0.022993 0.041263']"
benar,Model,C:\Users\Aldan\Desktop\ImproTYT\INNOVA\DatasetOK02072025\CAMERA_1_2025-06-24_05-08-23.jpg,CAMERA_1_2025-06-24_05-08-23.jpg,26,"[0, 2, 3, 4, 5, 6, 7, 8, 9, 10, 11, 12, 13, 14, 16, 18, 19, 20, 21, 22, 23, 24, 25, 26, 27, 28]",10,"['10 0.569944 0.615833 0.023111 0.023626', '19 0.583674 0.597082 0.022852 0.023143', '8 0.337197 0.669471 0.04423 0.080588', '25 0.355987 0.806931 0.023499 0.02403', '12 0.420819 0.528575 0.023939 0.023879', '20 0.351346 0.516234 0.023051 0.023203', '23 0.572451 0.507072 0.022936 0.022804', '4 0.534579 0.574707 0.028895 0.033457', '28 0.560243 0.526363 0.022868 0.023055', '11 0.361869 0.55364 0.023597 0.023069', '3 0.617905 0.606489 0.023355 0.052717', '24 0.612784 0.76269 0.023479 0.023248', '22 0.495472 0.4905 0.0232 0.023122', '14 0.589529 0.61728 0.023219 0.023046', '5 0.349524 0.62979 0.023785 0.024245', '26 0.372474 0.712852 0.023689 0.023915', '2 0.556295 0.847506 0.02831 0.051578', '27 0.438677 0.490104 0.023398 0.023241', '13 0.508154 0.542243 0.023097 0.022964', '0 0.594223 0.670918 0.023149 0.022877', '6 0.358505 0.697551 0.023828 0.023424', '7 0.309921 0.670077 0.022929 0.022808', '21 0.425752 0.48703 0.02301 0.023295', '9 0.559808 0.611598 0.023471 0.023449', '16 0.541269 0.660677 0.023035 0.031796', '18 0.595099 0.767008 0.022984 0.023399']"
benar,Model,C:\Users\Aldan\Desktop\ImproTYT\INNOVA\DatasetOK02072025\CAMERA_1_2025-06-24_05-29-15.jpg,CAMERA_1_2025-06-24_05-29-15.jpg,27,"[0, 2, 3, 4, 5, 6, 7, 8, 9, 10, 11, 12, 13, 14, 16, 18, 19, 20, 21, 22, 23, 24, 25, 26, 27, 28]",18,"['10 0.567926 0.62633 0.023158 0.022966', '19 0.582332 0.607142 0.022852 0.022976', '12 0.418962 0.538025 0.023184 0.023235', '23 0.571018 0.51567 0.023083 0.022993', '11 0.360022 0.563423 0.022951 0.022955', '28 0.558383 0.535619 0.023195 0.023318', '8 0.335535 0.679796 0.044596 0.08286', '9 0.558294 0.621672 0.022888 0.023133', '24 0.610463 0.772682 0.022316 0.022469', '4 0.533171 0.584472 0.028547 0.033922', '20 0.349405 0.525037 0.023081 0.02296', '3 0.616417 0.615987 0.023584 0.051574', '6 0.356498 0.708209 0.023392 0.023492', '14 0.587676 0.627076 0.023138 0.023198', '25 0.353799 0.817521 0.023378 0.023824', '7 0.308637 0.680957 0.023114 0.023547', '5 0.348297 0.639534 0.02281 0.023058', '21 0.423725 0.496119 0.023236 0.023333', '26 0.370686 0.722645 0.023029 0.0233', '0 0.59178 0.681105 0.023267 0.02334', '13 0.506486 0.551121 0.023381 0.023979', '22 0.49386 0.499349 0.023318 0.023207', '2 0.554385 0.856803 0.025587 0.045641', '16 0.538701 0.671545 0.022618 0.03455', '27 0.436581 0.499233 0.023316 0.023506', '18 0.592368 0.767861 0.02337 0.041207', '18 0.592775 0.776501 0.023027 0.023743']"
benar,Model,C:\Users\Aldan\Desktop\ImproTYT\INNOVA\DatasetOK02072025\CAMERA_1_2025-06-24_05-47-34.jpg,CAMERA_1_2025-06-24_05-47-34.jpg,27,"[0, 2, 3, 4, 5, 6, 7, 8, 9, 10, 11, 12, 13, 14, 16, 18, 19, 20, 21, 22, 23, 24, 25, 26, 27, 28]",18,"['10 0.566328 0.620397 0.022809 0.023162', '12 0.417304 0.53483 0.023238 0.023726', '23 0.568878 0.510354 0.023018 0.023352', '8 0.333748 0.674898 0.044471 0.081144', '11 0.357948 0.559038 0.022969 0.022869', '28 0.556817 0.530425 0.022624 0.023204', '19 0.58008 0.60102 0.022651 0.023022', '26 0.369272 0.716632 0.023257 0.023552', '6 0.354958 0.702008 0.023264 0.023054', '9 0.55681 0.615755 0.022991 0.023485', '21 0.422327 0.492156 0.023543 0.023666', '4 0.530928 0.579141 0.029009 0.034736', '25 0.352718 0.812759 0.023182 0.023446', '3 0.613777 0.60899 0.023312 0.050968', '7 0.306747 0.67526 0.022809 0.023231', '14 0.585351 0.620549 0.023464 0.023225', '20 0.347966 0.521596 0.023041 0.023475', '22 0.4918 0.494666 0.023407 0.023529', '27 0.435305 0.495787 0.023573 0.023371', '5 0.346454 0.6345 0.023238 0.023316', '2 0.553136 0.851283 0.027592 0.049709', '0 0.589801 0.675217 0.023099 0.023951', '13 0.504641 0.545746 0.024035 0.023938', '16 0.536923 0.665588 0.02314 0.032482', '24 0.608537 0.766849 0.023238 0.023196', '18 0.590707 0.769607 0.02268 0.024702', '18 0.590604 0.760568 0.022496 0.043031']"
benar,Model,C:\Users\Aldan\Desktop\ImproTYT\INNOVA\DatasetOK02072025\CAMERA_1_2025-06-24_05-50-59.jpg,CAMERA_1_2025-06-24_05-50-59.jpg,27,"[0, 1, 3, 4, 5, 6, 7, 8, 9, 10, 11, 12, 13, 14, 15, 17, 19, 20, 21, 22, 23, 24, 25, 26, 27, 28]",19,"['8 0.335237 0.687654 0.043148 0.080898', '28 0.561141 0.541579 0.023576 0.023336', '11 0.359554 0.570201 0.02322 0.023218', '17 0.596156 0.787623 0.023119 0.023197', '9 0.560805 0.628764 0.024049 0.024399', '24 0.613339 0.782168 0.022866 0.023202', '25 0.354322 0.827252 0.023372 0.023871', '4 0.535169 0.589839 0.027296 0.032669', '26 0.370408 0.73199 0.023387 0.023576', '5 0.348104 0.6472 0.023166 0.023643', '13 0.508066 0.556596 0.023556 0.023981', '1 0.558166 0.863453 0.027119 0.042978', '20 0.350023 0.530693 0.023206 0.023448', '7 0.308211 0.688306 0.023014 0.023397', '3 0.61822 0.619083 0.022777 0.045861', '22 0.494924 0.504566 0.023575 0.023656', '6 0.356281 0.716096 0.023949 0.023179', '12 0.419774 0.544852 0.023635 0.023634', '19 0.585773 0.612803 0.023108 0.023117', '14 0.590102 0.633803 0.022906 0.023495', '21 0.425005 0.50266 0.022913 0.023635', '0 0.595154 0.689176 0.023356 0.023284', '27 0.437667 0.504948 0.023312 0.023278', '10 0.571015 0.633325 0.023995 0.023609', '15 0.541088 0.677954 0.023637 0.023617', '23 0.573654 0.522145 0.023512 0.023695', '19 0.581069 0.617543 0.02357 0.025614']"
benar,Model,C:\Users\Aldan\Desktop\ImproTYT\INNOVA\DatasetOK02072025\CAMERA_1_2025-06-24_07-43-44.jpg,CAMERA_1_2025-06-24_07-43-44.jpg,27,"[0, 2, 3, 4, 5, 6, 7, 8, 9, 10, 11, 12, 13, 14, 16, 18, 19, 20, 21, 22, 23, 24, 25, 26, 27, 28]",18,"['10 0.568995 0.628318 0.022859 0.022961', '11 0.361828 0.565118 0.022731 0.022486', '23 0.571391 0.519045 0.022813 0.023256', '19 0.58299 0.608814 0.02297 0.022948', '28 0.558973 0.538432 0.023017 0.023308', '12 0.421039 0.540954 0.023629 0.023255', '8 0.337203 0.68115 0.046214 0.083573', '9 0.559264 0.623462 0.022413 0.022796', '14 0.588054 0.628761 0.022675 0.022986', '4 0.533669 0.586861 0.028814 0.033275', '3 0.616913 0.618262 0.022899 0.051352', '24 0.610214 0.77352 0.022383 0.022406', '13 0.506898 0.553447 0.023308 0.023581', '22 0.494705 0.502177 0.023222 0.023318', '20 0.352424 0.52758 0.022937 0.023457', '6 0.358491 0.708017 0.023109 0.023272', '5 0.350108 0.640333 0.023011 0.022664', '7 0.310272 0.681043 0.022914 0.023389', '0 0.591952 0.681888 0.022899 0.023123', '21 0.425102 0.49868 0.022694 0.023387', '2 0.554794 0.855265 0.024549 0.041785', '27 0.438177 0.502326 0.023585 0.023297', '16 0.539177 0.673871 0.022514 0.035859', '26 0.372362 0.723095 0.022625 0.022661', '25 0.356045 0.817342 0.022923 0.023249', '18 0.592088 0.769285 0.023069 0.040625', '18 0.592594 0.776566 0.022702 0.026281']"
benar,Model,C:\Users\Aldan\Desktop\ImproTYT\INNOVA\DatasetOK02072025\CAMERA_1_2025-06-24_07-45-19.jpg,CAMERA_1_2025-06-24_07-45-19.jpg,26,"[0, 2, 3, 4, 5, 6, 7, 8, 9, 10, 11, 12, 13, 14, 16, 18, 19, 20, 21, 22, 23, 24, 25, 26, 27, 28]",8,"['8 0.332904 0.69189 0.04678 0.084332', '9 0.557383 0.630072 0.022989 0.023142', '11 0.357703 0.574137 0.022713 0.022721', '19 0.581468 0.614685 0.023062 0.022655', '12 0.417177 0.547599 0.023101 0.022971', '5 0.346207 0.649785 0.023272 0.023287', '4 0.532437 0.593 0.029012 0.03488', '26 0.369148 0.734205 0.023209 0.023501', '3 0.616047 0.623737 0.023398 0.052383', '14 0.586531 0.63501 0.023357 0.023402', '20 0.34801 0.534992 0.023082 0.023637', '23 0.569954 0.523543 0.023201 0.022775', '28 0.557562 0.543349 0.023233 0.02283', '10 0.56749 0.634439 0.022416 0.022737', '24 0.609519 0.782731 0.022718 0.022489', '22 0.491874 0.508103 0.023233 0.023656', '7 0.306478 0.691401 0.023266 0.02372', '13 0.504583 0.558748 0.024027 0.024258', '2 0.553782 0.86677 0.024909 0.043252', '21 0.421933 0.505576 0.023228 0.023152', '6 0.355077 0.719754 0.023437 0.02361', '27 0.434853 0.508639 0.023178 0.023435', '16 0.537933 0.681415 0.023415 0.035472', '0 0.59141 0.690597 0.022899 0.023634', '25 0.351987 0.829463 0.023645 0.023809', '18 0.591852 0.777371 0.02317 0.044035']"
benar,Model,C:\Users\Aldan\Desktop\ImproTYT\INNOVA\DatasetOK02072025\CAMERA_1_2025-06-24_08-01-57.jpg,CAMERA_1_2025-06-24_08-01-57.jpg,26,"[0, 2, 3, 4, 5, 6, 7, 8, 9, 10, 11, 12, 13, 14, 16, 18, 19, 20, 21, 22, 23, 24, 25, 26, 27, 28]",28,"['28 0.560662 0.542283 0.023268 0.022976', '8 0.334633 0.688687 0.046502 0.083494', '19 0.58517 0.615313 0.023551 0.023089', '18 0.595826 0.787218 0.02371 0.024001', '9 0.560719 0.629352 0.0238 0.024244', '12 0.419839 0.545091 0.023955 0.023839', '24 0.613617 0.782637 0.023532 0.023417', '4 0.535301 0.591895 0.029024 0.035498', '11 0.359953 0.569826 0.02319 0.022902', '14 0.589863 0.634249 0.022918 0.023314', '3 0.61968 0.622693 0.023479 0.048644', '5 0.348226 0.647121 0.023307 0.02371', '26 0.370665 0.731434 0.023502 0.023592', '20 0.349412 0.531382 0.023182 0.023582', '10 0.570003 0.633607 0.023901 0.02334', '2 0.555929 0.87028 0.028726 0.053979', '7 0.307715 0.68846 0.023458 0.023656', '6 0.356326 0.716342 0.023798 0.023429', '13 0.50763 0.557194 0.023543 0.023921', '22 0.494728 0.505628 0.023569 0.023858', '21 0.425042 0.502195 0.023061 0.02352', '27 0.438711 0.505422 0.023432 0.023112', '0 0.595179 0.689007 0.023855 0.02366', '23 0.573239 0.523187 0.023212 0.022949', '16 0.540977 0.679951 0.023719 0.026806', '25 0.35392 0.828047 0.023718 0.023795']"
benar,Model,C:\Users\Aldan\Desktop\ImproTYT\INNOVA\DatasetOK02072025\CAMERA_1_2025-06-24_08-03-40.jpg,CAMERA_1_2025-06-24_08-03-40.jpg,26,"[0, 2, 3, 4, 5, 6, 7, 8, 9, 10, 11, 12, 13, 14, 16, 18, 19, 20, 21, 22, 23, 24, 25, 26, 27, 28]",12,"['12 0.418677 0.546767 0.02321 0.02327', '19 0.5801 0.614072 0.023059 0.023178', '8 0.33506 0.689625 0.045657 0.082001', '9 0.557403 0.628496 0.023181 0.023571', '23 0.569316 0.523337 0.023112 0.022634', '11 0.359209 0.571458 0.022984 0.022827', '3 0.614436 0.623774 0.023249 0.05131', '4 0.532169 0.592578 0.029141 0.033945', '20 0.349093 0.534227 0.023394 0.023891', '14 0.585588 0.634742 0.023241 0.022416', '28 0.556246 0.543652 0.023179 0.022885', '26 0.370779 0.731589 0.023433 0.023649', '2 0.554126 0.862377 0.02394 0.041547', '13 0.504845 0.558149 0.023735 0.023833', '22 0.492455 0.507378 0.023537 0.023763', '7 0.308881 0.68968 0.022822 0.023128', '5 0.348027 0.647932 0.022749 0.023291', '21 0.423421 0.504694 0.023255 0.023193', '6 0.35652 0.715935 0.023606 0.023226', '27 0.436438 0.508003 0.023188 0.022978', '16 0.53801 0.679369 0.023389 0.036442', '24 0.609743 0.779743 0.022947 0.023513', '10 0.56672 0.633109 0.022868 0.02307', '18 0.591938 0.775115 0.023579 0.042668', '25 0.35418 0.825755 0.022981 0.022872', '0 0.590256 0.687464 0.02279 0.02365']"
benar,Model,C:\Users\Aldan\Desktop\ImproTYT\INNOVA\DatasetOK02072025\CAMERA_1_2025-06-24_08-18-35.jpg,CAMERA_1_2025-06-24_08-18-35.jpg,26,"[0, 2, 3, 4, 5, 6, 7, 8, 9, 10, 11, 12, 13, 14, 16, 18, 19, 20, 21, 22, 23, 24, 25, 26, 27, 28]",10,"['10 0.569521 0.628226 0.022974 0.022903', '19 0.583742 0.608193 0.022646 0.023319', '23 0.572181 0.519034 0.02271 0.02308', '28 0.560113 0.538135 0.022589 0.022678', '8 0.338091 0.680938 0.04566 0.083126', '11 0.362946 0.564878 0.023222 0.023241', '12 0.421898 0.54061 0.023407 0.023266', '14 0.588767 0.629002 0.022638 0.023168', '9 0.559893 0.623238 0.02286 0.023228', '18 0.593925 0.778335 0.023212 0.023275', '24 0.611966 0.77331 0.022911 0.022497', '3 0.617881 0.617497 0.022823 0.049777', '4 0.534747 0.5859 0.028547 0.034141', '6 0.359598 0.708386 0.023264 0.022839', '0 0.59299 0.68116 0.023128 0.023313', '20 0.352564 0.526646 0.02311 0.023567', '22 0.495505 0.501245 0.02295 0.023271', '7 0.312019 0.680982 0.022311 0.023414', '21 0.42687 0.498019 0.023085 0.023845', '25 0.357536 0.816539 0.023639 0.023868', '2 0.555046 0.856503 0.027614 0.051014', '5 0.351078 0.640023 0.02312 0.022791', '27 0.439902 0.501086 0.023391 0.023309', '26 0.37397 0.722843 0.022829 0.022638', '13 0.508064 0.552734 0.022859 0.023189', '16 0.540108 0.672936 0.022602 0.03014']"
benar,Model,C:\Users\Aldan\Desktop\ImproTYT\INNOVA\DatasetOK02072025\CAMERA_1_2025-06-24_08-20-23.jpg,CAMERA_1_2025-06-24_08-20-23.jpg,26,"[0, 1, 3, 4, 5, 6, 7, 8, 9, 10, 11, 12, 13, 14, 15, 17, 19, 20, 21, 22, 23, 24, 25, 26, 27, 28]",10,"['10 0.566873 0.637807 0.023256 0.02372', '23 0.569612 0.527223 0.022838 0.022805', '8 0.333181 0.693381 0.043082 0.080135', '28 0.556665 0.547645 0.023129 0.023184', '11 0.357531 0.576089 0.023206 0.023169', '17 0.592024 0.79141 0.022807 0.023048', '19 0.580823 0.617305 0.023726 0.023826', '24 0.609418 0.786355 0.02276 0.022903', '20 0.348151 0.536663 0.023242 0.02354', '26 0.368479 0.737466 0.022725 0.023144', '4 0.532313 0.596162 0.026972 0.032264', '12 0.417039 0.550707 0.023267 0.023703', '5 0.346283 0.653736 0.023572 0.023528', '3 0.613834 0.622849 0.023204 0.046289', '15 0.537692 0.682884 0.023863 0.023978', '1 0.555399 0.867565 0.026256 0.043172', '14 0.586021 0.63807 0.023513 0.023305', '7 0.306244 0.69461 0.023257 0.023353', '25 0.35257 0.83268 0.022465 0.023072', '22 0.492078 0.511023 0.023226 0.023295', '13 0.504561 0.562178 0.023287 0.023545', '21 0.422353 0.508202 0.023053 0.023192', '27 0.435236 0.511433 0.023242 0.023436', '0 0.590629 0.692791 0.023267 0.023591', '9 0.556871 0.633825 0.023693 0.023365', '6 0.354438 0.722751 0.023341 0.022658']"
benar,Model,C:\Users\Aldan\Desktop\ImproTYT\INNOVA\DatasetOK02072025\CAMERA_1_2025-06-24_08-23-42.jpg,CAMERA_1_2025-06-24_08-23-42.jpg,26,"[0, 2, 3, 4, 5, 6, 7, 8, 9, 10, 11, 12, 13, 14, 16, 18, 19, 20, 21, 22, 23, 24, 25, 26, 27, 28]",26,"['26 0.375799 0.719233 0.023018 0.023065', '10 0.571453 0.62229 0.023532 0.023459', '9 0.561615 0.617656 0.02375 0.023119', '19 0.58537 0.602768 0.023163 0.023279', '11 0.363613 0.560736 0.023092 0.023126', '23 0.573798 0.514011 0.023107 0.023364', '8 0.339049 0.677627 0.046163 0.082424', '12 0.422468 0.535354 0.023453 0.023656', '14 0.590457 0.622578 0.023626 0.023738', '28 0.560742 0.533302 0.023019 0.023211', '16 0.542263 0.667645 0.023087 0.023934', '4 0.53589 0.580764 0.029162 0.035487', '2 0.557701 0.853697 0.028955 0.052611', '6 0.360851 0.703833 0.023225 0.023194', '3 0.619348 0.61179 0.022795 0.046867', '18 0.596573 0.771237 0.023658 0.023769', '5 0.351763 0.635546 0.023501 0.023439', '22 0.496155 0.496798 0.023052 0.022875', '21 0.427025 0.49365 0.02306 0.023275', '20 0.35311 0.522337 0.02342 0.023432', '0 0.595009 0.676677 0.023207 0.023454', '27 0.440734 0.496652 0.023025 0.023186', '13 0.509079 0.54832 0.023553 0.023552', '24 0.614318 0.767058 0.023154 0.023033', '7 0.313042 0.677434 0.022697 0.022997', '25 0.359178 0.813681 0.023433 0.023857']"
benar,Model,C:\Users\Aldan\Desktop\ImproTYT\INNOVA\DatasetOK02072025\CAMERA_1_2025-06-24_08-40-52.jpg,CAMERA_1_2025-06-24_08-40-52.jpg,26,"[0, 2, 3, 4, 5, 6, 7, 8, 9, 10, 11, 12, 13, 14, 16, 18, 19, 20, 21, 22, 23, 24, 25, 26, 27, 28]",10,"['10 0.569375 0.624596 0.023192 0.023367', '23 0.571889 0.514895 0.023076 0.023082', '19 0.583369 0.604258 0.02291 0.023103', '12 0.419757 0.536427 0.023989 0.024051', '8 0.335481 0.678091 0.046552 0.084269', '11 0.360506 0.561401 0.023215 0.023356', '28 0.559214 0.534448 0.023269 0.023193', '4 0.534102 0.58298 0.029523 0.034243', '9 0.559523 0.619707 0.023122 0.023088', '3 0.617914 0.615653 0.023283 0.051939', '2 0.555157 0.854876 0.024026 0.042737', '6 0.357013 0.705799 0.023493 0.023779', '24 0.611532 0.772086 0.022556 0.022878', '13 0.507105 0.548702 0.023753 0.023461', '14 0.588462 0.625562 0.023398 0.023555', '5 0.348516 0.636762 0.023127 0.023069', '25 0.354741 0.816033 0.023434 0.023236', '22 0.494986 0.497401 0.023518 0.023155', '16 0.540161 0.671097 0.022596 0.036871', '21 0.425382 0.494088 0.023492 0.02396', '27 0.438913 0.497646 0.023351 0.023359', '18 0.593838 0.767103 0.0229 0.042291', '7 0.308495 0.678448 0.022728 0.023084', '0 0.592373 0.6792 0.023733 0.024746', '26 0.371643 0.721594 0.02376 0.023602', '20 0.350296 0.522636 0.023176 0.023457']"
benar,Model,C:\Users\Aldan\Desktop\ImproTYT\INNOVA\DatasetOK02072025\CAMERA_1_2025-06-24_08-42-34.jpg,CAMERA_1_2025-06-24_08-42-34.jpg,26,"[0, 1, 3, 4, 5, 6, 7, 8, 9, 10, 11, 12, 13, 14, 15, 17, 19, 20, 21, 22, 23, 24, 25, 26, 27, 28]",10,"['10 0.570032 0.624164 0.023426 0.023269', '19 0.584016 0.60402 0.023096 0.023116', '23 0.572832 0.51533 0.022516 0.02273', '8 0.338181 0.676111 0.043772 0.080054', '4 0.534709 0.581874 0.026884 0.033465', '9 0.560367 0.619657 0.023312 0.02265', '11 0.362826 0.560731 0.023422 0.023265', '15 0.540721 0.667747 0.02341 0.023459', '28 0.560372 0.534577 0.023048 0.022959', '12 0.421746 0.536413 0.023665 0.023835', '24 0.612356 0.769321 0.022965 0.02294', '26 0.373042 0.718894 0.023003 0.023155', '25 0.357192 0.813423 0.022792 0.022699', '6 0.359288 0.704444 0.022638 0.022975', '5 0.350874 0.636203 0.023046 0.022877', '1 0.557732 0.850499 0.026539 0.043653', '17 0.594672 0.77489 0.023179 0.023434', '14 0.588899 0.624074 0.023512 0.023346', '13 0.508404 0.548336 0.023217 0.023595', '3 0.61665 0.610265 0.023431 0.045611', '22 0.495956 0.497993 0.023463 0.023289', '21 0.426972 0.494188 0.023381 0.0239', '20 0.35243 0.523052 0.02292 0.023197', '27 0.440756 0.497844 0.023579 0.023789', '0 0.593194 0.677821 0.023713 0.023665', '7 0.311454 0.676899 0.022748 0.022844']"
