decision,Path Gambar,Nama File,Jumlah Objek,Kelas Unik,Kelas Dominan,Label YOLO Format
benar,dataset_cropped_rescaled_1.5,C:\Users\Aldan\Desktop\ImproTYT\INNOVA\dataset_cropped_rescaled_1.5\CAMERA_1_2024-08-27_08-45-45_jpg.rf.a1e5e8971ee163f055cd0ab03f215fa0.jpg,CAMERA_1_2024-08-27_08-45-45_jpg.rf.a1e5e8971ee163f055cd0ab03f215fa0.jpg,26,"[0, 2, 3, 4, 5, 6, 7, 8, 9, 10, 11, 12, 13, 14, 16, 18, 19, 20, 21, 22, 23, 24, 25, 26, 27, 28]",8,"['8 0.388517 0.436649 0.054008 0.098734', '5 0.403988 0.390909 0.023438 0.023438', '6 0.411443 0.471693 0.023438 0.023438', '7 0.356733 0.436239 0.023438 0.023438', '4 0.621713 0.344991 0.034800 0.041266', '0 0.686774 0.462068 0.023438 0.023438', '12 0.489529 0.281034 0.023438 0.023438', '11 0.418898 0.304207 0.023438 0.023438', '13 0.590090 0.304189 0.023438 0.023438', '14 0.682525 0.400089 0.023438 0.023438', '19 0.678066 0.378271 0.023438 0.023438', '25 0.406974 0.595009 0.023438 0.025098', '9 0.647826 0.389715 0.023438 0.023438', '10 0.660391 0.396346 0.023438 0.023438', '24 0.704749 0.571711 0.023438 0.023438', '26 0.428437 0.492299 0.023438 0.023438', '2 0.639289 0.655936 0.035381 0.065651', '3 0.718898 0.394795 0.023438 0.049929', '20 0.407695 0.259929 0.023438 0.023438', '21 0.495701 0.233369 0.023438 0.023438', '22 0.576834 0.243298 0.023438 0.023438', '23 0.666533 0.272103 0.023438 0.023438', '27 0.510862 0.239216 0.023438 0.023438', '28 0.650050 0.292264 0.023438 0.023438', '16 0.625982 0.444884 0.023438 0.023438', '18 0.685511 0.574349 0.023438 0.023438']"
benar,dataset_cropped_rescaled_1.5,C:\Users\Aldan\Desktop\ImproTYT\INNOVA\dataset_cropped_rescaled_1.5\CAMERA_1_2024-08-27_08-50-04_jpg.rf.6f496a999d850d29cb4d7141bb79304b.jpg,CAMERA_1_2024-08-27_08-50-04_jpg.rf.6f496a999d850d29cb4d7141bb79304b.jpg,26,"[0, 2, 3, 4, 5, 6, 7, 8, 9, 10, 11, 12, 13, 14, 16, 18, 19, 20, 21, 22, 23, 24, 25, 26, 27, 28]",8,"['8 0.408828 0.504403 0.054008 0.098734', '5 0.423347 0.453583 0.023438 0.023438', '6 0.435561 0.532674 0.023438 0.023438', '7 0.378317 0.503993 0.023438 0.023438', '4 0.638216 0.378859 0.034800 0.041266', '0 0.710261 0.480695 0.023438 0.023438', '12 0.504128 0.329590 0.023438 0.023438', '11 0.435080 0.363494 0.023438 0.023438', '13 0.605641 0.340321 0.023438 0.023438', '14 0.702836 0.422103 0.023438 0.023438', '19 0.695842 0.399733 0.023438 0.023438', '25 0.434269 0.657683 0.023438 0.025098', '9 0.669088 0.416257 0.023438 0.023438', '10 0.680070 0.421747 0.023438 0.023438', '24 0.732675 0.590339 0.023438 0.023438', '26 0.452555 0.549323 0.023438 0.023438', '2 0.669439 0.693957 0.035381 0.065651', '3 0.735080 0.407219 0.023438 0.049929', '20 0.422615 0.318645 0.023438 0.023438', '21 0.508076 0.283048 0.023438 0.023438', '22 0.589208 0.282816 0.023438 0.023438', '23 0.680180 0.297504 0.023438 0.023438', '27 0.523557 0.282692 0.023438 0.023438', '28 0.664649 0.319358 0.023438 0.023438', '16 0.647084 0.476221 0.023438 0.023438', '18 0.709950 0.594955 0.023438 0.023438']"
benar,dataset_cropped_rescaled_1.5,C:\Users\Aldan\Desktop\ImproTYT\INNOVA\dataset_cropped_rescaled_1.5\CAMERA_1_2024-08-27_08-59-56_jpg.rf.be2085243b3d0c766b51093755deefb7.jpg,CAMERA_1_2024-08-27_08-59-56_jpg.rf.be2085243b3d0c766b51093755deefb7.jpg,26,"[0, 1, 3, 4, 5, 6, 7, 8, 9, 10, 11, 12, 13, 14, 15, 17, 19, 20, 21, 22, 23, 24, 25, 26, 27, 28]",8,"['8 0.408377 0.499358 0.054008 0.098734', '5 0.422355 0.451854 0.023438 0.023438', '6 0.433287 0.530873 0.023438 0.023438', '7 0.377084 0.501586 0.023438 0.023438', '4 0.636112 0.376791 0.034800 0.041266', '0 0.708116 0.482389 0.023438 0.023438', '12 0.502435 0.327843 0.023438 0.023438', '11 0.433297 0.361604 0.023438 0.023438', '13 0.604980 0.337754 0.023438 0.023438', '14 0.699900 0.420410 0.023438 0.023438', '19 0.694449 0.397701 0.023438 0.023438', '25 0.433287 0.655062 0.023438 0.025098', '9 0.667685 0.414439 0.023438 0.023438', '10 0.679259 0.421961 0.023438 0.023438', '17 0.709970 0.594831 0.023438 0.023438', '24 0.729569 0.590250 0.023438 0.023438', '26 0.451273 0.546168 0.023438 0.023438', '1 0.668246 0.690980 0.032735 0.060018', '3 0.728327 0.405401 0.023438 0.049929', '20 0.422094 0.316453 0.023438 0.023438', '21 0.507124 0.276649 0.023438 0.023438', '22 0.588257 0.279501 0.023438 0.023438', '23 0.679188 0.294617 0.023438 0.023438', '27 0.521784 0.280731 0.023438 0.023438', '28 0.664449 0.316988 0.023438 0.023438', '15 0.644930 0.472513 0.023438 0.023438']"
benar,dataset_cropped_rescaled_1.5,C:\Users\Aldan\Desktop\ImproTYT\INNOVA\dataset_cropped_rescaled_1.5\CAMERA_1_2024-08-27_09-02-31_jpg.rf.e468a5720dec7d6c0a850184f12ccd1c.jpg,CAMERA_1_2024-08-27_09-02-31_jpg.rf.e468a5720dec7d6c0a850184f12ccd1c.jpg,26,"[0, 1, 3, 4, 5, 6, 7, 8, 9, 10, 11, 12, 13, 14, 15, 17, 19, 20, 21, 22, 23, 24, 25, 26, 27, 28]",8,"['8 0.409780 0.503369 0.051643 0.096827', '5 0.423427 0.453957 0.023438 0.023438', '6 0.435110 0.532602 0.023438 0.023438', '7 0.378697 0.505419 0.023438 0.023438', '4 0.636212 0.375455 0.030381 0.033583', '0 0.707014 0.483815 0.023438 0.023438', '12 0.502034 0.331248 0.023438 0.023438', '11 0.433297 0.365098 0.023438 0.023438', '13 0.603878 0.339002 0.023438 0.023438', '14 0.700251 0.421034 0.023438 0.023438', '19 0.694048 0.399394 0.023438 0.023438', '25 0.435331 0.656970 0.023438 0.025098', '9 0.667435 0.415223 0.023438 0.023438', '10 0.678677 0.422496 0.023438 0.023438', '17 0.710772 0.594831 0.023438 0.023438', '24 0.730271 0.586845 0.023438 0.023438', '26 0.451814 0.546934 0.023438 0.023438', '1 0.670050 0.687130 0.032735 0.057326', '3 0.726723 0.408253 0.023438 0.049929', '20 0.422044 0.323244 0.023438 0.023438', '21 0.506874 0.283708 0.023438 0.023438', '22 0.587655 0.282264 0.023438 0.023438', '23 0.678086 0.294795 0.023438 0.023438', '27 0.521834 0.285383 0.023438 0.023438', '28 0.662745 0.318592 0.023438 0.023438', '15 0.645030 0.472513 0.023438 0.023438']"
benar,dataset_cropped_rescaled_1.5,C:\Users\Aldan\Desktop\ImproTYT\INNOVA\dataset_cropped_rescaled_1.5\CAMERA_1_2024-08-27_09-15-16_jpg.rf.dae7babcd5d192540e8fed1ba154f865.jpg,CAMERA_1_2024-08-27_09-15-16_jpg.rf.dae7babcd5d192540e8fed1ba154f865.jpg,26,"[0, 2, 3, 4, 5, 6, 7, 8, 9, 10, 11, 12, 13, 14, 16, 18, 19, 20, 21, 22, 23, 24, 25, 26, 27, 28]",8,"['8 0.407876 0.518520 0.054008 0.098734', '5 0.423347 0.466560 0.023438 0.023438', '6 0.435240 0.547914 0.023438 0.023438', '7 0.377675 0.520927 0.023438 0.023438', '4 0.637265 0.389037 0.034800 0.041266', '0 0.708357 0.495936 0.023438 0.023438', '12 0.501904 0.342014 0.023438 0.023438', '11 0.433818 0.378164 0.023438 0.023438', '13 0.604369 0.351622 0.023438 0.023438', '14 0.702204 0.433957 0.023438 0.023438', '19 0.693938 0.412709 0.023438 0.023438', '25 0.434269 0.674046 0.023438 0.025098', '9 0.667184 0.429234 0.023438 0.023438', '10 0.678798 0.435294 0.023438 0.023438', '24 0.731723 0.602193 0.023438 0.023438', '26 0.451283 0.562299 0.023438 0.023438', '2 0.665952 0.706934 0.035381 0.065651', '3 0.732545 0.416257 0.023438 0.049929', '20 0.420711 0.333886 0.023438 0.023438', '21 0.507445 0.294349 0.023438 0.023438', '22 0.586994 0.293547 0.023438 0.023438', '23 0.678277 0.308235 0.023438 0.023438', '27 0.523236 0.296809 0.023438 0.023438', '28 0.663697 0.328396 0.023438 0.023438', '16 0.646613 0.488360 0.023438 0.025668', '18 0.706774 0.609358 0.023438 0.023438']"
benar,dataset_cropped_rescaled_1.5,C:\Users\Aldan\Desktop\ImproTYT\INNOVA\dataset_cropped_rescaled_1.5\CAMERA_1_2024-08-27_09-18-22_jpg.rf.82af3bad3ce84fe512013fd982f8151b.jpg,CAMERA_1_2024-08-27_09-18-22_jpg.rf.82af3bad3ce84fe512013fd982f8151b.jpg,26,"[0, 2, 3, 4, 5, 6, 7, 8, 9, 10, 11, 12, 13, 14, 16, 18, 19, 20, 21, 22, 23, 24, 25, 26, 27, 28]",8,"['8 0.411052 0.502709 0.054008 0.098734', '5 0.425571 0.451319 0.023438 0.023438', '6 0.437465 0.532674 0.023438 0.023438', '7 0.380852 0.505686 0.023438 0.023438', '4 0.639800 0.378307 0.034800 0.041266', '0 0.710892 0.483529 0.023438 0.023438', '12 0.505080 0.332977 0.023438 0.023438', '11 0.436673 0.364046 0.023438 0.023438', '13 0.607866 0.339198 0.023438 0.023438', '14 0.702204 0.419287 0.023438 0.023438', '19 0.697745 0.401979 0.023438 0.023438', '25 0.436804 0.658806 0.023438 0.025098', '9 0.670040 0.416809 0.023438 0.023438', '10 0.681333 0.420624 0.023438 0.023438', '24 0.733627 0.589786 0.023438 0.023438', '26 0.453507 0.545936 0.023438 0.023438', '2 0.668808 0.694510 0.035381 0.065651', '3 0.735401 0.408913 0.023438 0.049929', '20 0.423246 0.322032 0.023438 0.023438', '21 0.510301 0.280802 0.023438 0.023438', '22 0.591754 0.281123 0.023438 0.023438', '23 0.681453 0.296381 0.023438 0.023438', '27 0.525461 0.284385 0.023438 0.023438', '28 0.667184 0.317665 0.023438 0.023438', '16 0.649780 0.476506 0.023438 0.024545', '18 0.711222 0.593832 0.023438 0.024046']"
benar,dataset_cropped_rescaled_1.5,C:\Users\Aldan\Desktop\ImproTYT\INNOVA\dataset_cropped_rescaled_1.5\CAMERA_1_2024-08-27_09-27-47_jpg.rf.001f3613dfd0d4aa718604158d851210.jpg,CAMERA_1_2024-08-27_09-27-47_jpg.rf.001f3613dfd0d4aa718604158d851210.jpg,26,"[0, 1, 3, 4, 5, 6, 7, 8, 9, 10, 11, 12, 13, 14, 15, 17, 19, 20, 21, 22, 23, 24, 25, 26, 27, 28]",8,"['8 0.414800 0.494314 0.051132 0.094314', '5 0.427545 0.445936 0.023438 0.023438', '6 0.439489 0.525276 0.023438 0.023438', '7 0.382816 0.498307 0.023438 0.023438', '4 0.639820 0.371105 0.031924 0.035882', '0 0.712034 0.475098 0.023438 0.023438', '12 0.507054 0.324135 0.023438 0.023438', '11 0.438066 0.358449 0.023438 0.023438', '13 0.608517 0.332585 0.023438 0.023438', '14 0.705271 0.415312 0.023438 0.023438', '19 0.697525 0.393209 0.023438 0.023438', '25 0.439840 0.648485 0.023438 0.025098', '9 0.671182 0.411301 0.023438 0.023438', '10 0.683287 0.414706 0.023438 0.023438', '17 0.714639 0.586239 0.023438 0.023438', '24 0.734780 0.578930 0.023438 0.023438', '26 0.456062 0.540517 0.023438 0.023438', '1 0.673808 0.679447 0.031192 0.052050', '3 0.731263 0.399661 0.023438 0.055205', '20 0.425521 0.316132 0.023438 0.023438', '21 0.511573 0.277059 0.023438 0.023438', '22 0.592295 0.275615 0.023438 0.023438', '23 0.682204 0.289287 0.023438 0.023438', '27 0.527054 0.279661 0.023438 0.023438', '28 0.667255 0.312870 0.023438 0.023438', '15 0.650311 0.466096 0.023438 0.023438']"
benar,dataset_cropped_rescaled_1.5,C:\Users\Aldan\Desktop\ImproTYT\INNOVA\dataset_cropped_rescaled_1.5\CAMERA_1_2024-08-27_09-32-07_jpg.rf.e6a452fdd4ff0ed1b4bc6440852da0aa.jpg,CAMERA_1_2024-08-27_09-32-07_jpg.rf.e6a452fdd4ff0ed1b4bc6440852da0aa.jpg,26,"[0, 2, 3, 4, 5, 6, 7, 8, 9, 10, 11, 12, 13, 14, 16, 18, 19, 20, 21, 22, 23, 24, 25, 26, 27, 28]",8,"['8 0.405341 0.494242 0.054008 0.098734', '5 0.421764 0.441729 0.023438 0.023438', '6 0.434289 0.521943 0.023438 0.023438', '7 0.376092 0.493262 0.023438 0.023438', '4 0.634729 0.367576 0.034800 0.041266', '0 0.708667 0.471105 0.023438 0.023438', '12 0.502545 0.319430 0.023438 0.023438', '11 0.433818 0.354456 0.023438 0.023438', '13 0.604058 0.329590 0.023438 0.023438', '14 0.702836 0.409127 0.023438 0.023438', '19 0.694890 0.386738 0.023438 0.023438', '25 0.433317 0.649768 0.023438 0.025098', '9 0.668136 0.406096 0.023438 0.023438', '10 0.680701 0.411034 0.023438 0.023438', '24 0.732044 0.577362 0.023438 0.023438', '26 0.451603 0.536898 0.023438 0.023438', '2 0.666263 0.687184 0.035381 0.065651', '3 0.732545 0.393102 0.023438 0.049929', '20 0.420711 0.311872 0.023438 0.023438', '21 0.506172 0.270624 0.023438 0.023438', '22 0.587946 0.269269 0.023438 0.023438', '23 0.679228 0.282834 0.023438 0.023438', '27 0.522605 0.271961 0.023438 0.023438', '28 0.664329 0.306381 0.023438 0.023438', '16 0.646774 0.464367 0.023438 0.023975', '18 0.710581 0.583387 0.023438 0.023438']"
benar,dataset_cropped_rescaled_1.5,C:\Users\Aldan\Desktop\ImproTYT\INNOVA\dataset_cropped_rescaled_1.5\CAMERA_1_2024-08-27_09-53-32_jpg.rf.b1df19eb820daa8b786b03ae5b897b7e.jpg,CAMERA_1_2024-08-27_09-53-32_jpg.rf.b1df19eb820daa8b786b03ae5b897b7e.jpg,26,"[0, 2, 3, 4, 5, 6, 7, 8, 9, 10, 11, 12, 13, 14, 16, 18, 19, 20, 21, 22, 23, 24, 25, 26, 27, 28]",8,"['8 0.408828 0.498182 0.054008 0.098734', '5 0.423667 0.446239 0.023438 0.023438', '6 0.434930 0.525900 0.023438 0.023438', '7 0.378948 0.498342 0.023438 0.023438', '4 0.637585 0.372656 0.034800 0.041266', '0 0.708357 0.479572 0.023438 0.023438', '12 0.503808 0.325080 0.023438 0.023438', '11 0.434770 0.357843 0.023438 0.023438', '13 0.605321 0.335811 0.023438 0.023438', '14 0.702836 0.418717 0.023438 0.023438', '19 0.695842 0.395775 0.023438 0.023438', '25 0.435220 0.650909 0.023438 0.025098', '9 0.668136 0.413422 0.023438 0.023438', '10 0.681022 0.416667 0.023438 0.023438', '24 0.732044 0.585829 0.023438 0.023438', '26 0.452234 0.541979 0.023438 0.023438', '2 0.665952 0.690000 0.035381 0.065651', '3 0.732545 0.398752 0.023438 0.049929', '20 0.422615 0.314135 0.023438 0.023438', '21 0.509028 0.276275 0.023438 0.023438', '22 0.590160 0.276613 0.023438 0.023438', '23 0.681453 0.290731 0.023438 0.023438', '27 0.523878 0.278734 0.023438 0.023438', '28 0.666232 0.312032 0.023438 0.023438', '16 0.647725 0.471979 0.023438 0.023438', '18 0.712806 0.591854 0.023438 0.026863']"
benar,dataset_cropped_rescaled_1.5,C:\Users\Aldan\Desktop\ImproTYT\INNOVA\dataset_cropped_rescaled_1.5\CAMERA_1_2024-08-27_09-56-58_jpg.rf.134f269392f33fe8a3ddddc6a85f3fc0.jpg,CAMERA_1_2024-08-27_09-56-58_jpg.rf.134f269392f33fe8a3ddddc6a85f3fc0.jpg,26,"[0, 1, 3, 4, 5, 6, 7, 8, 9, 10, 11, 12, 13, 14, 15, 17, 19, 20, 21, 22, 23, 24, 25, 26, 27, 28]",8,"['8 0.410982 0.499537 0.051132 0.096934', '5 0.423437 0.450642 0.023438 0.023438', '6 0.435661 0.528841 0.023438 0.023438', '7 0.379238 0.501462 0.023438 0.023438', '4 0.636192 0.371408 0.029800 0.034492', '0 0.707735 0.477576 0.023438 0.023438', '12 0.503236 0.327273 0.023438 0.023438', '11 0.433657 0.362103 0.023438 0.023438', '13 0.604108 0.335241 0.023438 0.023438', '14 0.700361 0.417897 0.023438 0.023438', '19 0.693507 0.394599 0.023438 0.023438', '25 0.435481 0.650178 0.023438 0.025098', '9 0.667275 0.414474 0.023438 0.023438', '10 0.678487 0.417487 0.023438 0.023438', '17 0.714639 0.586239 0.023438 0.023438', '24 0.734780 0.578930 0.023438 0.023438', '26 0.452244 0.542602 0.023438 0.023438', '1 0.670371 0.680677 0.030962 0.052460', '3 0.726623 0.401551 0.023438 0.051034', '20 0.421413 0.320053 0.023438 0.023438', '21 0.506874 0.279412 0.023438 0.023438', '22 0.588477 0.278752 0.023438 0.023438', '23 0.677735 0.291676 0.023438 0.023438', '27 0.522725 0.281230 0.023438 0.023438', '28 0.663347 0.314456 0.023438 0.023438', '15 0.646293 0.467184 0.023438 0.023438']"
benar,dataset_cropped_rescaled_1.5,C:\Users\Aldan\Desktop\ImproTYT\INNOVA\dataset_cropped_rescaled_1.5\CAMERA_1_2024-08-27_10-08-06_jpg.rf.d2bc0eb042bfba4db975e3133324abc4.jpg,CAMERA_1_2024-08-27_10-08-06_jpg.rf.d2bc0eb042bfba4db975e3133324abc4.jpg,26,"[0, 2, 3, 4, 5, 6, 7, 8, 9, 10, 11, 12, 13, 14, 16, 18, 19, 20, 21, 22, 23, 24, 25, 26, 27, 28]",8,"['8 0.406293 0.512299 0.054008 0.098734', '5 0.421443 0.460357 0.023438 0.023438', '6 0.433337 0.540570 0.023438 0.023438', '7 0.376413 0.513583 0.023438 0.023438', '4 0.636944 0.380000 0.034800 0.041266', '0 0.708988 0.490856 0.023438 0.023438', '12 0.502545 0.334670 0.023438 0.023438', '11 0.432545 0.368004 0.023438 0.023438', '13 0.604369 0.342585 0.023438 0.023438', '14 0.703467 0.427184 0.023438 0.023438', '19 0.695842 0.403119 0.023438 0.023438', '25 0.434589 0.668966 0.023438 0.025098', '9 0.668768 0.421889 0.023438 0.023438', '10 0.679749 0.427968 0.023438 0.023438', '24 0.733317 0.598806 0.023438 0.023438', '26 0.452555 0.557790 0.023438 0.023438', '2 0.667856 0.705811 0.035381 0.065651', '3 0.734449 0.412299 0.023438 0.049929', '20 0.420391 0.326542 0.023438 0.023438', '21 0.506814 0.286435 0.023438 0.023438', '22 0.589208 0.285633 0.023438 0.023438', '23 0.679549 0.298075 0.023438 0.023438', '27 0.522926 0.289465 0.023438 0.023438', '28 0.664649 0.321052 0.023438 0.023438', '16 0.647565 0.484403 0.023438 0.023438', '18 0.712645 0.603137 0.023438 0.024599']"
benar,dataset_cropped_rescaled_1.5,C:\Users\Aldan\Desktop\ImproTYT\INNOVA\dataset_cropped_rescaled_1.5\CAMERA_1_2024-08-27_10-11-09_jpg.rf.e0711c0e3db5899a149be345f4c1a90c.jpg,CAMERA_1_2024-08-27_10-11-09_jpg.rf.e0711c0e3db5899a149be345f4c1a90c.jpg,26,"[0, 2, 3, 4, 5, 6, 7, 8, 9, 10, 11, 12, 13, 14, 16, 18, 19, 20, 21, 22, 23, 24, 25, 26, 27, 28]",8,"['8 0.407094 0.512709 0.054008 0.098734', '5 0.422265 0.460143 0.023438 0.023438', '6 0.433257 0.541444 0.023438 0.023438', '7 0.377074 0.513333 0.023438 0.023438', '4 0.635862 0.385383 0.034800 0.041266', '0 0.706764 0.489733 0.023438 0.023438', '12 0.501914 0.337683 0.023438 0.023438', '11 0.433046 0.371337 0.023438 0.023438', '13 0.602766 0.346667 0.023438 0.023438', '14 0.700802 0.428930 0.023438 0.023438', '19 0.693397 0.408164 0.023438 0.023438', '25 0.434098 0.665811 0.023438 0.025098', '9 0.665812 0.424332 0.023438 0.023438', '10 0.678377 0.428342 0.023438 0.023438', '24 0.729820 0.595989 0.023438 0.023438', '26 0.451433 0.556809 0.023438 0.023438', '2 0.665311 0.702424 0.035381 0.065651', '3 0.731273 0.407772 0.023438 0.049929', '20 0.420080 0.328111 0.023438 0.023438', '21 0.506904 0.287398 0.023438 0.023438', '22 0.587445 0.286827 0.023438 0.023438', '23 0.677735 0.300945 0.023438 0.023438', '27 0.522365 0.291658 0.023438 0.023438', '28 0.663026 0.324260 0.023438 0.023438', '16 0.645341 0.484118 0.023438 0.023438', '18 0.710110 0.603993 0.023438 0.023438']"
benar,dataset_cropped_rescaled_1.5,C:\Users\Aldan\Desktop\ImproTYT\INNOVA\dataset_cropped_rescaled_1.5\CAMERA_1_2024-08-27_10-25-14_jpg.rf.2453f45b3fc1872b090b1bd4c0b5e060.jpg,CAMERA_1_2024-08-27_10-25-14_jpg.rf.2453f45b3fc1872b090b1bd4c0b5e060.jpg,26,"[0, 2, 3, 4, 5, 6, 7, 8, 9, 10, 11, 12, 13, 14, 16, 18, 19, 20, 21, 22, 23, 24, 25, 26, 27, 28]",8,"['8 0.409449 0.491729 0.054008 0.098734', '5 0.425220 0.440731 0.023438 0.023438', '6 0.436503 0.519430 0.023438 0.023438', '7 0.380030 0.492353 0.023438 0.023438', '4 0.637635 0.368075 0.034800 0.041266', '0 0.709178 0.473084 0.023438 0.023438', '12 0.504569 0.320891 0.023438 0.023438', '11 0.435411 0.356132 0.023438 0.023438', '13 0.605421 0.329358 0.023438 0.023438', '14 0.703166 0.410053 0.023438 0.023438', '19 0.695461 0.390339 0.023438 0.023438', '25 0.436162 0.644831 0.023438 0.025098', '9 0.668467 0.405971 0.023438 0.023438', '10 0.680441 0.413654 0.023438 0.023438', '24 0.731583 0.577487 0.023438 0.023438', '26 0.454679 0.536881 0.023438 0.023438', '2 0.668477 0.684528 0.035381 0.065651', '3 0.732465 0.393743 0.023438 0.049929', '20 0.424208 0.311337 0.023438 0.023438', '21 0.508677 0.272175 0.023438 0.023438', '22 0.590401 0.271105 0.023438 0.023438', '23 0.680100 0.285740 0.023438 0.023438', '27 0.523838 0.274884 0.023438 0.023438', '28 0.664499 0.308004 0.023438 0.023438', '16 0.647505 0.466649 0.023438 0.023438', '18 0.710571 0.583262 0.023438 0.028235']"
salah,dataset_cropped_rescaled_1.5,C:\Users\Aldan\Desktop\ImproTYT\INNOVA\dataset_cropped_rescaled_1.5\CAMERA_1_2024-08-27_10-27-45_jpg.rf.370e8d3d8eaca896a8951f6d6d7c72a4.jpg,CAMERA_1_2024-08-27_10-27-45_jpg.rf.370e8d3d8eaca896a8951f6d6d7c72a4.jpg,26,"[0, 2, 3, 4, 5, 6, 7, 8, 9, 10, 11, 12, 13, 14, 16, 18, 19, 20, 21, 22, 23, 24, 25, 26, 27, 28]",8,"['8 0.407976 0.489091 0.054008 0.098734', '5 0.421974 0.437059 0.023438 0.023438', '6 0.433557 0.516275 0.023438 0.023438', '7 0.376483 0.489216 0.023438 0.023438', '4 0.636162 0.361783 0.034800 0.041266', '0 0.708297 0.468895 0.023438 0.023438', '12 0.501613 0.314599 0.023438 0.023438', '11 0.432465 0.347219 0.023438 0.023438', '13 0.604238 0.327273 0.023438 0.023438', '14 0.700511 0.406916 0.023438 0.023438', '19 0.694870 0.384046 0.023438 0.023438', '25 0.433507 0.644314 0.023438 0.025098', '9 0.667285 0.401248 0.023438 0.023438', '10 0.678968 0.407879 0.023438 0.023438', '24 0.731583 0.574866 0.023438 0.023438', '26 0.450251 0.532157 0.023438 0.023438', '2 0.664940 0.678752 0.035381 0.065651', '3 0.733347 0.387451 0.023438 0.049929', '20 0.419489 0.307130 0.023438 0.023438', '21 0.506613 0.267469 0.023438 0.023438', '22 0.588337 0.264795 0.023438 0.023438', '23 0.678327 0.281551 0.023438 0.023438', '27 0.520882 0.270160 0.023438 0.023438', '28 0.664198 0.303280 0.023438 0.023438', '16 0.645882 0.461141 0.023438 0.023438', '18 0.710130 0.581961 0.023438 0.024563']"
salah,dataset_cropped_rescaled_1.5,C:\Users\Aldan\Desktop\ImproTYT\INNOVA\dataset_cropped_rescaled_1.5\CAMERA_1_2024-08-27_10-37-20_jpg.rf.0e8afb65f07e7d02e7f18e2d67503f15.jpg,CAMERA_1_2024-08-27_10-37-20_jpg.rf.0e8afb65f07e7d02e7f18e2d67503f15.jpg,26,"[0, 2, 3, 4, 5, 6, 7, 8, 9, 10, 11, 12, 13, 14, 16, 18, 19, 20, 21, 22, 23, 24, 25, 26, 27, 28]",8,"['8 0.411293 0.502406 0.054008 0.098734', '5 0.425110 0.446684 0.023438 0.023438', '6 0.437846 0.527469 0.023438 0.023438', '7 0.381162 0.498485 0.023438 0.023438', '4 0.639699 0.373832 0.034800 0.041266', '0 0.711022 0.480677 0.023438 0.023438', '12 0.506333 0.325098 0.023438 0.023438', '11 0.434409 0.360570 0.023438 0.023438', '13 0.606303 0.336702 0.023438 0.023438', '14 0.703758 0.418449 0.023438 0.023438', '19 0.696934 0.398200 0.023438 0.023438', '25 0.436353 0.650196 0.023438 0.025098', '9 0.670531 0.414884 0.023438 0.023438', '10 0.681032 0.420481 0.023438 0.023438', '24 0.734228 0.585865 0.023438 0.023438', '26 0.454840 0.542799 0.023438 0.023438', '2 0.668768 0.691355 0.035381 0.065651', '3 0.736884 0.404242 0.023438 0.049929', '20 0.423868 0.316292 0.023438 0.023438', '21 0.510741 0.275847 0.023438 0.023438', '22 0.591874 0.276346 0.023438 0.023438', '23 0.682154 0.294652 0.023438 0.023438', '27 0.526784 0.280125 0.023438 0.023438', '28 0.667735 0.317433 0.023438 0.023438', '16 0.650160 0.472424 0.023438 0.023438', '18 0.712786 0.592442 0.023438 0.024563']"
salah,dataset_cropped_rescaled_1.5,C:\Users\Aldan\Desktop\ImproTYT\INNOVA\dataset_cropped_rescaled_1.5\CAMERA_1_2024-08-27_10-40-15_jpg.rf.b2eb19b1516054dbb8f5f4aeecddc86d.jpg,CAMERA_1_2024-08-27_10-40-15_jpg.rf.b2eb19b1516054dbb8f5f4aeecddc86d.jpg,26,"[0, 1, 3, 4, 5, 6, 7, 8, 9, 10, 11, 12, 13, 14, 15, 17, 19, 20, 21, 22, 23, 24, 25, 26, 27, 28]",8,"['8 0.410982 0.494314 0.051132 0.093333', '5 0.424719 0.446275 0.023438 0.023438', '6 0.436353 0.526275 0.023438 0.023438', '7 0.379990 0.498039 0.023438 0.023438', '4 0.638347 0.369893 0.030902 0.036453', '0 0.710140 0.479180 0.023438 0.023438', '12 0.504439 0.323351 0.023438 0.023438', '11 0.435511 0.356399 0.023438 0.023438', '13 0.607014 0.332032 0.023438 0.023438', '14 0.703367 0.416292 0.023438 0.023438', '19 0.696363 0.393975 0.023438 0.023438', '25 0.436122 0.648289 0.023438 0.025098', '9 0.669980 0.411266 0.023438 0.023438', '10 0.680842 0.416417 0.023438 0.023438', '17 0.714639 0.586239 0.023438 0.023438', '24 0.734780 0.578930 0.023438 0.023438', '26 0.452996 0.540891 0.023438 0.023438', '1 0.671172 0.682638 0.031363 0.057094', '3 0.730601 0.399947 0.023438 0.052816', '20 0.423116 0.314706 0.023438 0.023438', '21 0.509529 0.274064 0.023438 0.023438', '22 0.590581 0.276168 0.023438 0.023438', '23 0.680691 0.290339 0.023438 0.023438', '27 0.525431 0.278021 0.023438 0.023438', '28 0.666353 0.311426 0.023438 0.023438', '15 0.648397 0.466827 0.023438 0.023438']"
salah,dataset_cropped_rescaled_1.5,C:\Users\Aldan\Desktop\ImproTYT\INNOVA\dataset_cropped_rescaled_1.5\CAMERA_1_2024-08-27_10-52-08_jpg.rf.43f35f4c2a081a6dcee46d5b698d2f3a.jpg,CAMERA_1_2024-08-27_10-52-08_jpg.rf.43f35f4c2a081a6dcee46d5b698d2f3a.jpg,26,"[0, 2, 3, 4, 5, 6, 7, 8, 9, 10, 11, 12, 13, 14, 16, 18, 19, 20, 21, 22, 23, 24, 25, 26, 27, 28]",8,"['8 0.409639 0.517094 0.054008 0.098734', '5 0.423788 0.461961 0.023438 0.023438', '6 0.436523 0.544510 0.023438 0.023438', '7 0.378848 0.514332 0.023438 0.023438', '4 0.639870 0.385508 0.034800 0.041266', '0 0.710541 0.493779 0.023438 0.023438', '12 0.504048 0.339162 0.023438 0.023438', '11 0.434409 0.375258 0.023438 0.023438', '13 0.606924 0.351747 0.023438 0.023438', '14 0.705301 0.431212 0.023438 0.023438', '19 0.698196 0.410570 0.023438 0.023438', '25 0.436353 0.671925 0.023438 0.025098', '9 0.669609 0.428467 0.023438 0.023438', '10 0.681844 0.433922 0.023438 0.023438', '24 0.735110 0.601070 0.023438 0.023438', '26 0.454178 0.558645 0.023438 0.023438', '2 0.669329 0.705401 0.035381 0.065651', '3 0.738697 0.431783 0.023438 0.049929', '20 0.422545 0.331569 0.023438 0.023438', '21 0.509890 0.287968 0.023438 0.023438', '22 0.591022 0.287344 0.023438 0.023438', '23 0.681713 0.303226 0.023438 0.023438', '27 0.524068 0.292068 0.023438 0.023438', '28 0.666222 0.326328 0.023438 0.023438', '16 0.649248 0.487451 0.023438 0.024314', '18 0.714890 0.607237 0.023438 0.023743']"
salah,dataset_cropped_rescaled_1.5,C:\Users\Aldan\Desktop\ImproTYT\INNOVA\dataset_cropped_rescaled_1.5\CAMERA_1_2024-08-27_10-55-11_jpg.rf.371f07505abe767cd042f7e5f38b9d23.jpg,CAMERA_1_2024-08-27_10-55-11_jpg.rf.371f07505abe767cd042f7e5f38b9d23.jpg,26,"[0, 1, 3, 4, 5, 6, 7, 8, 9, 10, 11, 12, 13, 14, 15, 17, 19, 20, 21, 22, 23, 24, 25, 26, 27, 28]",8,"['8 0.408968 0.509216 0.052645 0.093565', '5 0.422766 0.461515 0.023438 0.023438', '6 0.434970 0.541408 0.023438 0.023438', '7 0.378357 0.513280 0.023438 0.023438', '4 0.635922 0.382709 0.031253 0.038966', '0 0.707074 0.492406 0.023438 0.023438', '12 0.502545 0.337005 0.023438 0.023438', '11 0.433036 0.370891 0.023438 0.023438', '13 0.604419 0.346096 0.023438 0.023438', '14 0.700000 0.429519 0.023438 0.023438', '19 0.693707 0.406364 0.023438 0.023438', '25 0.434609 0.664421 0.023438 0.025098', '9 0.666383 0.424599 0.023438 0.023438', '10 0.677415 0.429127 0.023438 0.023438', '17 0.710741 0.603779 0.023438 0.023438', '24 0.730411 0.596043 0.023438 0.023438', '26 0.451864 0.555793 0.023438 0.023438', '1 0.669279 0.695561 0.030180 0.052692', '3 0.727655 0.413298 0.023438 0.054242', '20 0.422295 0.329412 0.023438 0.023438', '21 0.507164 0.288128 0.023438 0.023438', '22 0.587986 0.287398 0.023438 0.023438', '23 0.678858 0.301783 0.023438 0.023438', '27 0.521653 0.290838 0.023438 0.023438', '28 0.663517 0.325080 0.023438 0.023438', '15 0.645331 0.480267 0.023438 0.023438']"
salah,dataset_cropped_rescaled_1.5,C:\Users\Aldan\Desktop\ImproTYT\INNOVA\dataset_cropped_rescaled_1.5\CAMERA_1_2024-08-27_11-07-52_jpg.rf.38605231f488210b0d182ba1d9ff7c3e.jpg,CAMERA_1_2024-08-27_11-07-52_jpg.rf.38605231f488210b0d182ba1d9ff7c3e.jpg,26,"[0, 2, 3, 4, 5, 6, 7, 8, 9, 10, 11, 12, 13, 14, 16, 18, 19, 20, 21, 22, 23, 24, 25, 26, 27, 28]",8,"['8 0.409970 0.500642 0.054008 0.098734', '5 0.425110 0.451390 0.023438 0.023438', '6 0.437515 0.529822 0.023438 0.023438', '7 0.379840 0.503173 0.023438 0.023438', '4 0.638878 0.374938 0.034800 0.041266', '0 0.709549 0.479091 0.023438 0.023438', '12 0.505040 0.327415 0.023438 0.023438', '11 0.435401 0.363512 0.023438 0.023438', '13 0.604609 0.335900 0.023438 0.023438', '14 0.701673 0.417701 0.023438 0.023438', '19 0.695561 0.397059 0.023438 0.023438', '25 0.437014 0.656078 0.023438 0.025098', '9 0.668287 0.414955 0.023438 0.023438', '10 0.680852 0.417487 0.023438 0.023438', '24 0.733467 0.583458 0.023438 0.023438', '26 0.453848 0.544563 0.023438 0.023438', '2 0.668006 0.688966 0.035381 0.065651', '3 0.734409 0.402424 0.023438 0.049929', '20 0.423206 0.319822 0.023438 0.023438', '21 0.508246 0.279162 0.023438 0.023438', '22 0.588387 0.277932 0.023438 0.023438', '23 0.678417 0.291480 0.023438 0.023438', '27 0.524068 0.283262 0.023438 0.023438', '28 0.664900 0.315758 0.023438 0.023438', '16 0.648758 0.470713 0.023438 0.024902', '18 0.712745 0.592264 0.023438 0.027861']"
salah,dataset_cropped_rescaled_1.5,C:\Users\Aldan\Desktop\ImproTYT\INNOVA\dataset_cropped_rescaled_1.5\CAMERA_1_2024-08-27_11-11-21_jpg.rf.f73c332f5474c082a2a97d776844fd33.jpg,CAMERA_1_2024-08-27_11-11-21_jpg.rf.f73c332f5474c082a2a97d776844fd33.jpg,26,"[0, 2, 3, 4, 5, 6, 7, 8, 9, 10, 11, 12, 13, 14, 16, 18, 19, 20, 21, 22, 23, 24, 25, 26, 27, 28]",8,"['8 0.410962 0.490089 0.054008 0.098734', '5 0.425110 0.439643 0.023438 0.023438', '6 0.438507 0.520428 0.023438 0.023438', '7 0.380501 0.493191 0.023438 0.023438', '4 0.638547 0.366720 0.034800 0.041266', '0 0.710541 0.471462 0.023438 0.023438', '12 0.504709 0.319198 0.023438 0.023438', '11 0.436723 0.352353 0.023438 0.023438', '13 0.606924 0.328841 0.023438 0.023438', '14 0.703978 0.413601 0.023438 0.023438', '19 0.695561 0.388841 0.023438 0.023438', '25 0.436022 0.644920 0.023438 0.025098', '9 0.670271 0.406150 0.023438 0.023438', '10 0.680521 0.410446 0.023438 0.023438', '24 0.734459 0.577576 0.023438 0.023438', '26 0.453848 0.535758 0.023438 0.023438', '2 0.668006 0.680160 0.035381 0.065651', '3 0.737715 0.405365 0.023438 0.049929', '20 0.422876 0.311016 0.023438 0.023438', '21 0.509559 0.270945 0.023438 0.023438', '22 0.590691 0.269715 0.023438 0.023438', '23 0.681383 0.284439 0.023438 0.023438', '27 0.524068 0.275615 0.023438 0.023438', '28 0.665230 0.308111 0.023438 0.023438', '16 0.649088 0.463975 0.023438 0.025490', '18 0.712415 0.579340 0.023438 0.025508']"
salah,dataset_cropped_rescaled_1.5,C:\Users\Aldan\Desktop\ImproTYT\INNOVA\dataset_cropped_rescaled_1.5\CAMERA_1_2024-08-27_11-24-06_jpg.rf.e47732377110c9939d9f20154e3bcdba.jpg,CAMERA_1_2024-08-27_11-24-06_jpg.rf.e47732377110c9939d9f20154e3bcdba.jpg,26,"[0, 2, 3, 4, 5, 6, 7, 8, 9, 10, 11, 12, 13, 14, 16, 18, 19, 20, 21, 22, 23, 24, 25, 26, 27, 28]",8,"['8 0.411293 0.489501 0.054008 0.098734', '5 0.426764 0.436114 0.023438 0.023438', '6 0.438507 0.516310 0.023438 0.023438', '7 0.382475 0.487914 0.023438 0.023438', '4 0.641182 0.360250 0.034800 0.041266', '0 0.710872 0.470285 0.023438 0.023438', '12 0.507685 0.316257 0.023438 0.023438', '11 0.437715 0.350588 0.023438 0.023438', '13 0.608246 0.325330 0.023438 0.023438', '14 0.704309 0.407718 0.023438 0.023438', '19 0.696884 0.382977 0.023438 0.023438', '25 0.439319 0.640214 0.023438 0.025098', '9 0.670932 0.402050 0.023438 0.023438', '10 0.681844 0.407504 0.023438 0.023438', '24 0.734459 0.573476 0.023438 0.023438', '26 0.455832 0.529875 0.023438 0.023438', '2 0.671303 0.678984 0.035381 0.065651', '3 0.734078 0.391266 0.023438 0.049929', '20 0.424529 0.307487 0.023438 0.023438', '21 0.511543 0.267433 0.023438 0.023438', '22 0.592675 0.265615 0.023438 0.023438', '23 0.682375 0.281497 0.023438 0.023438', '27 0.526042 0.272103 0.023438 0.023438', '28 0.667876 0.304011 0.023438 0.023438', '16 0.649749 0.460446 0.023438 0.024314', '18 0.712745 0.581693 0.023438 0.027861']"
orang,dataset_cropped_rescaled_1.5,C:\Users\Aldan\Desktop\ImproTYT\INNOVA\dataset_cropped_rescaled_1.5\CAMERA_1_2024-08-27_11-27-30_jpg.rf.13b9e71729eebc9a75422dd1e2eb3e2a.jpg,CAMERA_1_2024-08-27_11-27-30_jpg.rf.13b9e71729eebc9a75422dd1e2eb3e2a.jpg,26,"[0, 2, 3, 4, 5, 6, 7, 8, 9, 10, 11, 12, 13, 14, 16, 18, 19, 20, 21, 22, 23, 24, 25, 26, 27, 28]",8,"['8 0.406343 0.484207 0.054008 0.098734', '5 0.423136 0.437879 0.023438 0.023438', '6 0.435210 0.515152 0.023438 0.023438', '7 0.377525 0.488503 0.023438 0.023438', '4 0.637555 0.359091 0.034800 0.041266', '0 0.709218 0.467932 0.023438 0.023438', '12 0.504379 0.313333 0.023438 0.023438', '11 0.432435 0.350000 0.023438 0.023438', '13 0.605932 0.322977 0.023438 0.023438', '14 0.702655 0.405954 0.023438 0.023438', '19 0.696884 0.382977 0.023438 0.023438', '25 0.433046 0.645508 0.023438 0.025098', '9 0.667625 0.400285 0.023438 0.023438', '10 0.680190 0.406328 0.023438 0.023438', '24 0.732806 0.572299 0.023438 0.023438', '26 0.452204 0.528699 0.023438 0.023438', '2 0.667675 0.678984 0.035381 0.065651', '3 0.735070 0.394795 0.023438 0.049929', '20 0.421553 0.308075 0.023438 0.023438', '21 0.507916 0.265668 0.023438 0.023438', '22 0.589379 0.264439 0.023438 0.023438', '23 0.680070 0.279144 0.023438 0.023438', '27 0.523737 0.266221 0.023438 0.023438', '28 0.665892 0.301658 0.023438 0.023438', '16 0.647605 0.459572 0.023438 0.023438', '18 0.711754 0.579055 0.023438 0.023743']"
orang,dataset_cropped_rescaled_1.5,C:\Users\Aldan\Desktop\ImproTYT\INNOVA\dataset_cropped_rescaled_1.5\CAMERA_1_2024-08-27_11-39-58_jpg.rf.01b97c143f502b25625ce50ddca458c8.jpg,CAMERA_1_2024-08-27_11-39-58_jpg.rf.01b97c143f502b25625ce50ddca458c8.jpg,26,"[0, 1, 3, 4, 5, 6, 7, 8, 9, 10, 11, 12, 13, 14, 15, 17, 19, 20, 21, 22, 23, 24, 25, 26, 27, 28]",8,"['8 0.411924 0.494153 0.051142 0.092674', '5 0.425571 0.444581 0.023438 0.023438', '6 0.436844 0.524118 0.023438 0.023438', '7 0.380020 0.495989 0.023438 0.023438', '4 0.638908 0.367914 0.031884 0.035615', '0 0.711283 0.476364 0.023438 0.023438', '12 0.504649 0.320838 0.023438 0.023438', '11 0.435852 0.354046 0.023438 0.023438', '13 0.607054 0.330160 0.023438 0.023438', '14 0.704399 0.415276 0.023438 0.023438', '19 0.696924 0.391283 0.023438 0.023438', '25 0.436553 0.648859 0.023438 0.025098', '9 0.671603 0.409483 0.023438 0.023438', '10 0.681493 0.416275 0.023438 0.023438', '17 0.714749 0.589875 0.023438 0.023438', '24 0.733968 0.581872 0.023438 0.023438', '26 0.453387 0.538752 0.023438 0.023438', '1 0.672234 0.683137 0.030311 0.055597', '3 0.731212 0.399394 0.023438 0.054242', '20 0.423417 0.312193 0.023438 0.023438', '21 0.510591 0.272656 0.023438 0.023438', '22 0.591283 0.272870 0.023438 0.023438', '23 0.682315 0.288378 0.023438 0.023438', '27 0.526132 0.276310 0.023438 0.023438', '28 0.666263 0.311123 0.023438 0.023438', '15 0.648788 0.465561 0.023438 0.023438']"
orang,dataset_cropped_rescaled_1.5,C:\Users\Aldan\Desktop\ImproTYT\INNOVA\dataset_cropped_rescaled_1.5\CAMERA_1_2024-08-27_11-42-28_jpg.rf.a178d7c22ce14ea6f5f87aa515f826b0.jpg,CAMERA_1_2024-08-27_11-42-28_jpg.rf.a178d7c22ce14ea6f5f87aa515f826b0.jpg,26,"[0, 2, 3, 4, 5, 6, 7, 8, 9, 10, 11, 12, 13, 14, 16, 18, 19, 20, 21, 22, 23, 24, 25, 26, 27, 28]",8,"['8 0.411293 0.493601 0.054008 0.098734', '5 0.425110 0.442585 0.023438 0.023438', '6 0.436854 0.524545 0.023438 0.023438', '7 0.379840 0.494955 0.023438 0.023438', '4 0.637886 0.365544 0.034800 0.041266', '0 0.709549 0.474403 0.023438 0.023438', '12 0.504048 0.320963 0.023438 0.023438', '11 0.435070 0.357059 0.023438 0.023438', '13 0.605271 0.332959 0.023438 0.023438', '14 0.702655 0.410071 0.023438 0.023438', '19 0.694900 0.389430 0.023438 0.023438', '25 0.437335 0.645508 0.023438 0.025098', '9 0.670271 0.407914 0.023438 0.023438', '10 0.680852 0.414545 0.023438 0.023438', '24 0.734128 0.576417 0.023438 0.023438', '26 0.454178 0.538093 0.023438 0.023438', '2 0.669980 0.684848 0.035381 0.065651', '3 0.734409 0.393030 0.023438 0.049929', '20 0.421884 0.312781 0.023438 0.023438', '21 0.509238 0.270357 0.023438 0.023438', '22 0.589709 0.273832 0.023438 0.023438', '23 0.680070 0.287362 0.023438 0.023438', '27 0.524399 0.275615 0.023438 0.023438', '28 0.665230 0.308699 0.023438 0.023438', '16 0.648758 0.464545 0.023438 0.025490', '18 0.713236 0.584332 0.023438 0.024920']"
orang,dataset_cropped_rescaled_1.5,C:\Users\Aldan\Desktop\ImproTYT\INNOVA\dataset_cropped_rescaled_1.5\CAMERA_1_2024-08-27_12-35-11_jpg.rf.b520d3996659b8f45f39643bd854dba0.jpg,CAMERA_1_2024-08-27_12-35-11_jpg.rf.b520d3996659b8f45f39643bd854dba0.jpg,26,"[0, 2, 3, 4, 5, 6, 7, 8, 9, 10, 11, 12, 13, 14, 16, 18, 19, 20, 21, 22, 23, 24, 25, 26, 27, 28]",8,"['8 0.409970 0.511212 0.054008 0.098734', '5 0.424780 0.459608 0.023438 0.023438', '6 0.436202 0.542745 0.023438 0.023438', '7 0.378517 0.512567 0.023438 0.023438', '4 0.639208 0.383155 0.034800 0.041266', '0 0.712515 0.492602 0.023438 0.023438', '12 0.504709 0.336221 0.023438 0.023438', '11 0.434409 0.368788 0.023438 0.023438', '13 0.606593 0.344706 0.023438 0.023438', '14 0.704309 0.429447 0.023438 0.023438', '19 0.697214 0.408217 0.023438 0.023438', '25 0.436683 0.667825 0.023438 0.025098', '9 0.670601 0.426114 0.023438 0.023438', '10 0.682836 0.430410 0.023438 0.023438', '24 0.736764 0.599305 0.023438 0.023438', '26 0.453517 0.557469 0.023438 0.023438', '2 0.672625 0.704813 0.035381 0.065651', '3 0.736062 0.411818 0.023438 0.049929', '20 0.422545 0.326863 0.023438 0.023438', '21 0.510551 0.286221 0.023438 0.023438', '22 0.591022 0.284991 0.023438 0.023438', '23 0.682705 0.299697 0.023438 0.023438', '27 0.524399 0.289127 0.023438 0.023438', '28 0.667214 0.322799 0.023438 0.023438', '16 0.649910 0.485098 0.023438 0.023438', '18 0.714389 0.604296 0.023438 0.023438']"
orang,dataset_cropped_rescaled_1.5,C:\Users\Aldan\Desktop\ImproTYT\INNOVA\dataset_cropped_rescaled_1.5\CAMERA_1_2024-08-27_12-37-56_jpg.rf.af6da9ccc577017a28e71dc2e72c649c.jpg,CAMERA_1_2024-08-27_12-37-56_jpg.rf.af6da9ccc577017a28e71dc2e72c649c.jpg,26,"[0, 1, 3, 4, 5, 6, 7, 8, 9, 10, 11, 12, 13, 14, 15, 17, 19, 20, 21, 22, 23, 24, 25, 26, 27, 28]",8,"['8 0.411613 0.509269 0.049259 0.092299', '5 0.424890 0.460071 0.023438 0.023438', '6 0.436423 0.540535 0.023438 0.023438', '7 0.379549 0.514189 0.023438 0.023438', '4 0.637846 0.381693 0.030882 0.035027', '0 0.708828 0.491034 0.023438 0.023438', '12 0.503868 0.336506 0.023438 0.023438', '11 0.434900 0.371693 0.023438 0.023438', '13 0.605721 0.345829 0.023438 0.023438', '14 0.702004 0.428752 0.023438 0.023438', '19 0.694920 0.406453 0.023438 0.023438', '25 0.436132 0.664153 0.023438 0.025098', '9 0.669319 0.424260 0.023438 0.023438', '10 0.680160 0.428574 0.023438 0.023438', '17 0.712074 0.604349 0.023438 0.023438', '24 0.732074 0.596346 0.023438 0.023438', '26 0.453337 0.555740 0.023438 0.023438', '1 0.671453 0.695918 0.031202 0.056988', '3 0.730321 0.412175 0.023438 0.056025', '20 0.422635 0.327398 0.023438 0.023438', '21 0.508978 0.287237 0.023438 0.023438', '22 0.589719 0.286257 0.023438 0.023438', '23 0.680200 0.302157 0.023438 0.023438', '27 0.524569 0.290677 0.023438 0.023438', '28 0.665200 0.323226 0.023438 0.023438', '15 0.647004 0.481034 0.023438 0.023438']"
orang,dataset_cropped_rescaled_1.5,C:\Users\Aldan\Desktop\ImproTYT\INNOVA\dataset_cropped_rescaled_1.5\CAMERA_1_2024-08-27_12-50-11_jpg.rf.186549a6f910b0e2c9cb4e4c8288fdf5.jpg,CAMERA_1_2024-08-27_12-50-11_jpg.rf.186549a6f910b0e2c9cb4e4c8288fdf5.jpg,26,"[0, 1, 3, 4, 5, 6, 7, 8, 9, 10, 11, 12, 13, 14, 15, 17, 19, 20, 21, 22, 23, 24, 25, 26, 27, 28]",8,"['8 0.413717 0.488146 0.050461 0.091408', '5 0.427395 0.440553 0.023438 0.023438', '6 0.438878 0.519234 0.023438 0.023438', '7 0.382705 0.491462 0.023438 0.023438', '4 0.639599 0.364403 0.030381 0.035027', '0 0.711283 0.469198 0.023438 0.023438', '12 0.506373 0.319305 0.023438 0.023438', '11 0.438257 0.353333 0.023438 0.023438', '13 0.607024 0.328449 0.023438 0.023438', '14 0.704409 0.409501 0.023438 0.023438', '19 0.697525 0.386399 0.023438 0.023438', '25 0.439138 0.645793 0.023438 0.025098', '9 0.671273 0.404029 0.023438 0.023438', '10 0.682164 0.410660 0.023438 0.023438', '17 0.714479 0.581889 0.023438 0.023438', '24 0.735431 0.574599 0.023438 0.023438', '26 0.456443 0.534528 0.023438 0.023438', '1 0.672405 0.670250 0.028497 0.043440', '3 0.732475 0.391497 0.023438 0.050677', '20 0.425741 0.310463 0.023438 0.023438', '21 0.510982 0.270660 0.023438 0.023438', '22 0.592224 0.269234 0.023438 0.023438', '23 0.682305 0.284064 0.023438 0.023438', '27 0.526072 0.273387 0.023438 0.023438', '28 0.667705 0.307807 0.023438 0.023438', '15 0.649910 0.460980 0.023438 0.023438']"
orang,dataset_cropped_rescaled_1.5,C:\Users\Aldan\Desktop\ImproTYT\INNOVA\dataset_cropped_rescaled_1.5\CAMERA_1_2024-08-27_12-53-35_jpg.rf.09199e3869fa1c8d20c8a760d2ca3378.jpg,CAMERA_1_2024-08-27_12-53-35_jpg.rf.09199e3869fa1c8d20c8a760d2ca3378.jpg,26,"[0, 1, 3, 4, 5, 6, 7, 8, 9, 10, 11, 12, 13, 14, 15, 17, 19, 20, 21, 22, 23, 24, 25, 26, 27, 28]",8,"['8 0.409910 0.485276 0.050461 0.094456', '5 0.423878 0.436667 0.023438 0.023438', '6 0.435832 0.516025 0.023438 0.023438', '7 0.378998 0.488592 0.023438 0.023438', '4 0.638808 0.359519 0.031102 0.036061', '0 0.710531 0.466346 0.023438 0.023438', '12 0.503868 0.313761 0.023438 0.023438', '11 0.434058 0.348235 0.023438 0.023438', '13 0.605641 0.321996 0.023438 0.023438', '14 0.703287 0.405401 0.023438 0.023438', '19 0.696403 0.383672 0.023438 0.023438', '25 0.436283 0.643084 0.023438 0.025098', '9 0.669790 0.401390 0.023438 0.023438', '10 0.680932 0.406292 0.023438 0.023438', '17 0.713577 0.580642 0.023438 0.023438', '24 0.733928 0.571390 0.023438 0.023438', '26 0.453878 0.529109 0.023438 0.023438', '1 0.671774 0.668610 0.029208 0.048699', '3 0.730932 0.391551 0.023438 0.050963', '20 0.423357 0.305918 0.023438 0.023438', '21 0.508677 0.264100 0.023438 0.023438', '22 0.590431 0.263226 0.023438 0.023438', '23 0.681232 0.278610 0.023438 0.023438', '27 0.524639 0.267932 0.023438 0.023438', '28 0.666273 0.302264 0.023438 0.023438', '15 0.648707 0.455365 0.023438 0.023438']"
orang,dataset_cropped_rescaled_1.5,C:\Users\Aldan\Desktop\ImproTYT\INNOVA\dataset_cropped_rescaled_1.5\CAMERA_1_2024-08-27_13-03-49_jpg.rf.b66f0a72419ccebe144596e6ed8db8e2.jpg,CAMERA_1_2024-08-27_13-03-49_jpg.rf.b66f0a72419ccebe144596e6ed8db8e2.jpg,26,"[0, 1, 3, 4, 5, 6, 7, 8, 9, 10, 11, 12, 13, 14, 15, 17, 19, 20, 21, 22, 23, 24, 25, 26, 27, 28]",8,"['8 0.414379 0.495775 0.050010 0.094456', '5 0.428647 0.446239 0.023438 0.023438', '6 0.439920 0.525865 0.023438 0.023438', '7 0.383317 0.498021 0.023438 0.023438', '4 0.641383 0.370695 0.030501 0.034706', '0 0.713477 0.479127 0.023438 0.023438', '12 0.508337 0.323725 0.023438 0.023438', '11 0.439128 0.357255 0.023438 0.023438', '13 0.610261 0.334260 0.023438 0.023438', '14 0.706844 0.417255 0.023438 0.023438', '19 0.698747 0.394724 0.023438 0.023438', '25 0.439459 0.650891 0.023438 0.025098', '9 0.672745 0.412834 0.023438 0.023438', '10 0.683958 0.418004 0.023438 0.023438', '17 0.715922 0.592353 0.023438 0.023438', '24 0.735591 0.584866 0.023438 0.023438', '26 0.457285 0.540820 0.023438 0.023438', '1 0.674649 0.681533 0.029509 0.053012', '3 0.733958 0.400980 0.023438 0.051497', '20 0.426162 0.314545 0.023438 0.023438', '21 0.513297 0.274599 0.023438 0.023438', '22 0.593838 0.276702 0.023438 0.023438', '23 0.684339 0.290463 0.023438 0.023438', '27 0.528427 0.277362 0.023438 0.023438', '28 0.669449 0.312638 0.023438 0.023438', '15 0.651132 0.466809 0.023438 0.023438']"
orang,dataset_cropped_rescaled_1.5,C:\Users\Aldan\Desktop\ImproTYT\INNOVA\dataset_cropped_rescaled_1.5\CAMERA_1_2024-08-27_13-07-16_jpg.rf.5f1f6c3a60229a8b1187845927264d32.jpg,CAMERA_1_2024-08-27_13-07-16_jpg.rf.5f1f6c3a60229a8b1187845927264d32.jpg,26,"[0, 2, 3, 4, 5, 6, 7, 8, 9, 10, 11, 12, 13, 14, 16, 18, 19, 20, 21, 22, 23, 24, 25, 26, 27, 28]",8,"['8 0.410631 0.495954 0.054008 0.098734', '5 0.425441 0.445508 0.023438 0.023438', '6 0.436854 0.524545 0.023438 0.023438', '7 0.380000 0.497897 0.023438 0.023438', '4 0.641513 0.368485 0.034800 0.041266', '0 0.711202 0.476168 0.023438 0.023438', '12 0.505371 0.321551 0.023438 0.023438', '11 0.436723 0.354706 0.023438 0.023438', '13 0.605932 0.331194 0.023438 0.023438', '14 0.703647 0.416524 0.023438 0.023438', '19 0.696884 0.393529 0.023438 0.023438', '25 0.434038 0.652549 0.023438 0.025098', '9 0.670271 0.409679 0.023438 0.023438', '10 0.682505 0.417487 0.023438 0.023438', '24 0.734128 0.584046 0.023438 0.023438', '26 0.454840 0.540446 0.023438 0.023438', '2 0.670641 0.690143 0.035381 0.065651', '3 0.736393 0.401248 0.023438 0.049929', '20 0.424038 0.316881 0.023438 0.023438', '21 0.512535 0.273298 0.023438 0.023438', '22 0.592675 0.274421 0.023438 0.023438', '23 0.682705 0.289127 0.023438 0.023438', '27 0.525050 0.279144 0.023438 0.023438', '28 0.667545 0.312816 0.023438 0.023438', '16 0.649749 0.470428 0.023438 0.023438', '18 0.711914 0.589911 0.023438 0.024332']"
orang,dataset_cropped_rescaled_1.5,C:\Users\Aldan\Desktop\ImproTYT\INNOVA\dataset_cropped_rescaled_1.5\CAMERA_1_2024-08-27_13-21-31_jpg.rf.bab5eecfe7db5611c5193407e67759ce.jpg,CAMERA_1_2024-08-27_13-21-31_jpg.rf.bab5eecfe7db5611c5193407e67759ce.jpg,26,"[0, 2, 3, 4, 5, 6, 7, 8, 9, 10, 11, 12, 13, 14, 16, 18, 19, 20, 21, 22, 23, 24, 25, 26, 27, 28]",8,"['8 0.411293 0.512389 0.054008 0.098734', '5 0.424118 0.463725 0.023438 0.023438', '6 0.435541 0.543333 0.023438 0.023438', '7 0.380501 0.516096 0.023438 0.023438', '4 0.638216 0.384920 0.034800 0.041266', '0 0.712184 0.496132 0.023438 0.023438', '12 0.505701 0.336221 0.023438 0.023438', '11 0.435070 0.373494 0.023438 0.023438', '13 0.605271 0.348235 0.023438 0.023438', '14 0.706623 0.431212 0.023438 0.023438', '19 0.698527 0.406453 0.023438 0.023438', '25 0.435030 0.673102 0.023438 0.025098', '9 0.671593 0.427291 0.023438 0.023438', '10 0.683166 0.433333 0.023438 0.023438', '24 0.735441 0.600481 0.023438 0.023438', '26 0.454840 0.559822 0.023438 0.023438', '2 0.672956 0.705989 0.035381 0.065651', '3 0.734409 0.414759 0.023438 0.049929', '20 0.421553 0.328039 0.023438 0.023438', '21 0.509559 0.289144 0.023438 0.023438', '22 0.591353 0.287344 0.023438 0.023438', '23 0.682044 0.303226 0.023438 0.023438', '27 0.525050 0.293815 0.023438 0.023438', '28 0.668537 0.325152 0.023438 0.023438', '16 0.649749 0.487451 0.023438 0.024314', '18 0.713567 0.603993 0.023438 0.023438']"
orang,dataset_cropped_rescaled_1.5,C:\Users\Aldan\Desktop\ImproTYT\INNOVA\dataset_cropped_rescaled_1.5\CAMERA_1_2024-08-27_13-24-36_jpg.rf.7919379ee2a7320c324d17190c505451.jpg,CAMERA_1_2024-08-27_13-24-36_jpg.rf.7919379ee2a7320c324d17190c505451.jpg,26,"[0, 2, 3, 4, 5, 6, 7, 8, 9, 10, 11, 12, 13, 14, 16, 18, 19, 20, 21, 22, 23, 24, 25, 26, 27, 28]",8,"['8 0.408647 0.511800 0.054008 0.098734', '5 0.424449 0.459608 0.023438 0.023438', '6 0.436202 0.539804 0.023438 0.023438', '7 0.379840 0.513155 0.023438 0.023438', '4 0.638216 0.381979 0.034800 0.041266', '0 0.710210 0.490838 0.023438 0.023438', '12 0.504709 0.336221 0.023438 0.023438', '11 0.435070 0.372317 0.023438 0.023438', '13 0.605271 0.346471 0.023438 0.023438', '14 0.703317 0.426506 0.023438 0.023438', '19 0.694900 0.404688 0.023438 0.023438', '25 0.435691 0.665472 0.023438 0.025098', '9 0.668948 0.424938 0.023438 0.023438', '10 0.681182 0.427469 0.023438 0.023438', '24 0.733136 0.596364 0.023438 0.023438', '26 0.452204 0.555134 0.023438 0.023438', '2 0.668337 0.700713 0.035381 0.065651', '3 0.735070 0.405954 0.023438 0.049929', '20 0.421553 0.329804 0.023438 0.023438', '21 0.508908 0.286809 0.023438 0.023438', '22 0.590040 0.286756 0.023438 0.023438', '23 0.680391 0.299697 0.023438 0.023438', '27 0.524399 0.289715 0.023438 0.023438', '28 0.665892 0.323975 0.023438 0.023438', '16 0.648918 0.481872 0.023438 0.023438', '18 0.712244 0.599893 0.023438 0.023438']"
orang,dataset_cropped_rescaled_1.5,C:\Users\Aldan\Desktop\ImproTYT\INNOVA\dataset_cropped_rescaled_1.5\CAMERA_1_2024-08-27_13-33-48_jpg.rf.ee2f9f8fc3975bdeb1d86d9b432bf69b.jpg,CAMERA_1_2024-08-27_13-33-48_jpg.rf.ee2f9f8fc3975bdeb1d86d9b432bf69b.jpg,26,"[0, 2, 3, 4, 5, 6, 7, 8, 9, 10, 11, 12, 13, 14, 16, 18, 19, 20, 21, 22, 23, 24, 25, 26, 27, 28]",8,"['8 0.411293 0.486560 0.054008 0.098734', '5 0.424780 0.435526 0.023438 0.023438', '6 0.437184 0.516898 0.023438 0.023438', '7 0.379840 0.486150 0.023438 0.023438', '4 0.638216 0.360838 0.034800 0.041266', '0 0.710210 0.466185 0.023438 0.023438', '12 0.504048 0.312745 0.023438 0.023438', '11 0.434409 0.347077 0.023438 0.023438', '13 0.605601 0.322977 0.023438 0.023438', '14 0.703647 0.404207 0.023438 0.023438', '19 0.696222 0.381212 0.023438 0.023438', '25 0.436683 0.643743 0.023438 0.025098', '9 0.669609 0.402050 0.023438 0.023438', '10 0.682174 0.406328 0.023438 0.023438', '24 0.734459 0.569358 0.023438 0.023438', '26 0.454509 0.531640 0.023438 0.023438', '2 0.669980 0.678396 0.035381 0.065651', '3 0.735070 0.387754 0.023438 0.049929', '20 0.422876 0.303387 0.023438 0.023438', '21 0.509238 0.265668 0.023438 0.023438', '22 0.589379 0.263262 0.023438 0.023438', '23 0.680070 0.279144 0.023438 0.023438', '27 0.525050 0.267398 0.023438 0.023438', '28 0.665561 0.299893 0.023438 0.023438', '16 0.649248 0.459857 0.023438 0.023438', '18 0.712906 0.577291 0.023438 0.023438']"
orang,dataset_cropped_rescaled_1.5,C:\Users\Aldan\Desktop\ImproTYT\INNOVA\dataset_cropped_rescaled_1.5\CAMERA_1_2024-08-27_13-36-55_jpg.rf.ef4936fe5edf4adf1bc6eeeb36b31ca2.jpg,CAMERA_1_2024-08-27_13-36-55_jpg.rf.ef4936fe5edf4adf1bc6eeeb36b31ca2.jpg,26,"[0, 1, 3, 4, 5, 6, 7, 8, 9, 10, 11, 12, 13, 14, 15, 17, 19, 20, 21, 22, 23, 24, 25, 26, 27, 28]",8,"['8 0.413938 0.481319 0.049830 0.091943', '5 0.427325 0.432246 0.023438 0.023438', '6 0.438768 0.512353 0.023438 0.023438', '7 0.382345 0.485134 0.023438 0.023438', '4 0.639940 0.358770 0.031653 0.037522', '0 0.711022 0.464902 0.023438 0.023438', '12 0.505962 0.311159 0.023438 0.023438', '11 0.437395 0.346239 0.023438 0.023438', '13 0.607735 0.320410 0.023438 0.023438', '14 0.704830 0.403280 0.023438 0.023438', '19 0.696874 0.381640 0.023438 0.023438', '25 0.438747 0.637683 0.023438 0.025098', '9 0.671884 0.399501 0.023438 0.023438', '10 0.682806 0.403904 0.023438 0.023438', '17 0.714910 0.575954 0.023438 0.023438', '24 0.734729 0.569234 0.023438 0.023438', '26 0.456222 0.526364 0.023438 0.023438', '1 0.673427 0.666613 0.029940 0.052602', '3 0.730932 0.389697 0.023438 0.051497', '20 0.425802 0.302888 0.023438 0.023438', '21 0.510992 0.263440 0.023438 0.023438', '22 0.592184 0.261836 0.023438 0.023438', '23 0.681884 0.279697 0.023438 0.023438', '27 0.525972 0.267237 0.023438 0.023438', '28 0.667355 0.298930 0.023438 0.023438', '15 0.649549 0.451943 0.023438 0.023438']"
orang,dataset_cropped_rescaled_1.5,C:\Users\Aldan\Desktop\ImproTYT\INNOVA\dataset_cropped_rescaled_1.5\CAMERA_1_2024-08-27_13-48-59_jpg.rf.0acec00d1f52c3906539fe326134b4ed.jpg,CAMERA_1_2024-08-27_13-48-59_jpg.rf.0acec00d1f52c3906539fe326134b4ed.jpg,26,"[0, 2, 3, 4, 5, 6, 7, 8, 9, 10, 11, 12, 13, 14, 16, 18, 19, 20, 21, 22, 23, 24, 25, 26, 27, 28]",8,"['8 0.412946 0.484795 0.054008 0.098734', '5 0.428086 0.434367 0.023438 0.023438', '6 0.440160 0.513387 0.023438 0.023438', '7 0.383467 0.484385 0.023438 0.023438', '4 0.640200 0.359679 0.034800 0.041266', '0 0.710872 0.463832 0.023438 0.023438', '12 0.507685 0.311569 0.023438 0.023438', '11 0.439028 0.346488 0.023438 0.023438', '13 0.606593 0.319447 0.023438 0.023438', '14 0.705631 0.402442 0.023438 0.023438', '19 0.698858 0.384135 0.023438 0.023438', '25 0.440641 0.638467 0.023438 0.025098', '9 0.671924 0.397932 0.023438 0.023438', '10 0.682505 0.403387 0.023438 0.023438', '24 0.736102 0.568770 0.023438 0.023438', '26 0.455832 0.529287 0.023438 0.023438', '2 0.672625 0.672513 0.035381 0.065651', '3 0.736723 0.393030 0.023438 0.049929', '20 0.426513 0.302799 0.023438 0.023438', '21 0.510882 0.262727 0.023438 0.023438', '22 0.592675 0.261497 0.023438 0.023438', '23 0.682375 0.278556 0.023438 0.023438', '27 0.526703 0.266809 0.023438 0.023438', '28 0.667876 0.299893 0.023438 0.023438', '16 0.651062 0.456631 0.023438 0.023438', '18 0.713727 0.576988 0.023438 0.023438']"
orang,dataset_cropped_rescaled_1.5,C:\Users\Aldan\Desktop\ImproTYT\INNOVA\dataset_cropped_rescaled_1.5\CAMERA_1_2024-08-27_13-52-21_jpg.rf.f7846808adaf304a138f41e14efa56bd.jpg,CAMERA_1_2024-08-27_13-52-21_jpg.rf.f7846808adaf304a138f41e14efa56bd.jpg,26,"[0, 1, 3, 4, 5, 6, 7, 8, 9, 10, 11, 12, 13, 14, 15, 17, 19, 20, 21, 22, 23, 24, 25, 26, 27, 28]",8,"['8 0.408998 0.477077 0.050511 0.094973', '5 0.423317 0.428610 0.023438 0.023438', '6 0.434930 0.507807 0.023438 0.023438', '7 0.377826 0.480588 0.023438 0.023438', '4 0.637695 0.352799 0.031242 0.036078', '0 0.709519 0.460535 0.023438 0.023438', '12 0.503567 0.307273 0.023438 0.023438', '11 0.433427 0.340089 0.023438 0.023438', '13 0.605701 0.316791 0.023438 0.023438', '14 0.701984 0.398396 0.023438 0.023438', '19 0.695962 0.375490 0.023438 0.023438', '25 0.433808 0.633137 0.023438 0.025098', '9 0.668878 0.394153 0.023438 0.023438', '10 0.680210 0.398467 0.023438 0.023438', '17 0.712455 0.572745 0.023438 0.023438', '24 0.733477 0.565134 0.023438 0.023438', '26 0.452214 0.523476 0.023438 0.023438', '1 0.670691 0.664332 0.030481 0.053387', '3 0.730832 0.382995 0.023438 0.051497', '20 0.422846 0.298806 0.023438 0.023438', '21 0.507585 0.258271 0.023438 0.023438', '22 0.589840 0.257576 0.023438 0.023438', '23 0.679950 0.272549 0.023438 0.023438', '27 0.523477 0.259715 0.023438 0.023438', '28 0.664960 0.294759 0.023438 0.023438', '15 0.647695 0.448824 0.023438 0.023438']"
orang,dataset_cropped_rescaled_1.5,C:\Users\Aldan\Desktop\ImproTYT\INNOVA\dataset_cropped_rescaled_1.5\CAMERA_1_2024-08-27_14-04-59_jpg.rf.38c863b6124331ded88a21c47552549d.jpg,CAMERA_1_2024-08-27_14-04-59_jpg.rf.38c863b6124331ded88a21c47552549d.jpg,26,"[0, 1, 3, 4, 5, 6, 7, 8, 9, 10, 11, 12, 13, 14, 15, 17, 19, 20, 21, 22, 23, 24, 25, 26, 27, 28]",8,"['8 0.410511 0.487629 0.049329 0.093102', '5 0.424238 0.438699 0.023438 0.023438', '6 0.435391 0.518717 0.023438 0.023438', '7 0.379078 0.490089 0.023438 0.023438', '4 0.638667 0.364100 0.030441 0.036684', '0 0.709389 0.472727 0.023438 0.023438', '12 0.505060 0.316346 0.023438 0.023438', '11 0.435261 0.351301 0.023438 0.023438', '13 0.605992 0.326257 0.023438 0.023438', '14 0.703417 0.411337 0.023438 0.023438', '19 0.696824 0.388627 0.023438 0.023438', '25 0.435261 0.644635 0.023438 0.025098', '9 0.669739 0.405758 0.023438 0.023438', '10 0.680902 0.410285 0.023438 0.023438', '17 0.712325 0.586239 0.023438 0.023438', '24 0.733477 0.578503 0.023438 0.023438', '26 0.452475 0.537308 0.023438 0.023438', '1 0.670431 0.674652 0.030210 0.051979', '3 0.731633 0.396435 0.023438 0.051497', '20 0.423707 0.306756 0.023438 0.023438', '21 0.509078 0.267950 0.023438 0.023438', '22 0.590531 0.267968 0.023438 0.023438', '23 0.681844 0.284064 0.023438 0.023438', '27 0.524218 0.270107 0.023438 0.023438', '28 0.667305 0.305348 0.023438 0.023438', '15 0.647365 0.459608 0.023438 0.023438']"
orang,dataset_cropped_rescaled_1.5,C:\Users\Aldan\Desktop\ImproTYT\INNOVA\dataset_cropped_rescaled_1.5\CAMERA_1_2024-08-27_14-09-48_jpg.rf.fd000139853239bcbe04cf4364893088.jpg,CAMERA_1_2024-08-27_14-09-48_jpg.rf.fd000139853239bcbe04cf4364893088.jpg,26,"[0, 2, 3, 4, 5, 6, 7, 8, 9, 10, 11, 12, 13, 14, 16, 18, 19, 20, 21, 22, 23, 24, 25, 26, 27, 28]",8,"['8 0.410962 0.491248 0.054008 0.098734', '5 0.425441 0.441996 0.023438 0.023438', '6 0.437184 0.519840 0.023438 0.023438', '7 0.379840 0.492014 0.023438 0.023438', '4 0.639208 0.364955 0.034800 0.041266', '0 0.709218 0.469109 0.023438 0.023438', '12 0.503717 0.315668 0.023438 0.023438', '11 0.434409 0.354706 0.023438 0.023438', '13 0.604279 0.331783 0.023438 0.023438', '14 0.702655 0.410071 0.023438 0.023438', '19 0.694900 0.386488 0.023438 0.023438', '25 0.437014 0.649020 0.023438 0.025098', '9 0.668287 0.406738 0.023438 0.023438', '10 0.680852 0.411604 0.023438 0.023438', '24 0.732475 0.575241 0.023438 0.023438', '26 0.454840 0.534581 0.023438 0.023438', '2 0.666683 0.677219 0.035381 0.065651', '3 0.733747 0.401248 0.023438 0.049929', '20 0.421553 0.313369 0.023438 0.023438', '21 0.508908 0.268004 0.023438 0.023438', '22 0.590040 0.270303 0.023438 0.023438', '23 0.680070 0.282086 0.023438 0.023438', '27 0.523737 0.272692 0.023438 0.023438', '28 0.664569 0.308111 0.023438 0.023438', '16 0.648918 0.462496 0.023438 0.023438', '18 0.713898 0.583458 0.023438 0.024332']"
orang,dataset_cropped_rescaled_1.5,C:\Users\Aldan\Desktop\ImproTYT\INNOVA\dataset_cropped_rescaled_1.5\CAMERA_1_2024-08-27_14-45-14_jpg.rf.e504db40650b753581717f709dde1ddf.jpg,CAMERA_1_2024-08-27_14-45-14_jpg.rf.e504db40650b753581717f709dde1ddf.jpg,26,"[0, 1, 3, 4, 5, 6, 7, 8, 9, 10, 11, 12, 13, 14, 15, 17, 19, 20, 21, 22, 23, 24, 25, 26, 27, 28]",8,"['8 0.407244 0.463601 0.049459 0.092870', '5 0.420842 0.415811 0.023438 0.023438', '6 0.432385 0.494581 0.023438 0.023438', '7 0.375752 0.466863 0.023438 0.023438', '4 0.634739 0.340695 0.030842 0.036684', '0 0.704880 0.451515 0.023438 0.023438', '12 0.500501 0.296560 0.023438 0.023438', '11 0.431002 0.330713 0.023438 0.023438', '13 0.601453 0.306257 0.023438 0.023438', '14 0.697906 0.389055 0.023438 0.023438', '19 0.691964 0.368039 0.023438 0.023438', '25 0.431673 0.618217 0.023438 0.025098', '9 0.664830 0.384456 0.023438 0.023438', '10 0.675892 0.390321 0.023438 0.023438', '17 0.708216 0.562175 0.023438 0.023438', '24 0.728016 0.556132 0.023438 0.023438', '26 0.448637 0.510446 0.023438 0.023438', '1 0.666333 0.654492 0.030982 0.057219', '3 0.727766 0.375847 0.023438 0.051497', '20 0.419449 0.286257 0.023438 0.023438', '21 0.505922 0.247540 0.023438 0.023438', '22 0.586673 0.249251 0.023438 0.023438', '23 0.676984 0.264278 0.023438 0.023438', '27 0.520912 0.250588 0.023438 0.023438', '28 0.661794 0.286275 0.023438 0.023438', '15 0.643407 0.437594 0.023438 0.023438']"
orang,dataset_cropped_rescaled_1.5,C:\Users\Aldan\Desktop\ImproTYT\INNOVA\dataset_cropped_rescaled_1.5\CAMERA_1_2024-08-27_14-47-55_jpg.rf.7b71344d1b95a4a5840acdd1c4637038.jpg,CAMERA_1_2024-08-27_14-47-55_jpg.rf.7b71344d1b95a4a5840acdd1c4637038.jpg,26,"[0, 2, 3, 4, 5, 6, 7, 8, 9, 10, 11, 12, 13, 14, 16, 18, 19, 20, 21, 22, 23, 24, 25, 26, 27, 28]",8,"['8 0.399739 0.463654 0.054008 0.098734', '5 0.414880 0.415561 0.023438 0.023438', '6 0.426623 0.494011 0.023438 0.023438', '7 0.369609 0.465009 0.023438 0.023438', '4 0.629970 0.340873 0.034800 0.041266', '0 0.701293 0.446809 0.023438 0.023438', '12 0.496463 0.294545 0.023438 0.023438', '11 0.425832 0.327112 0.023438 0.023438', '13 0.596693 0.303601 0.023438 0.023438', '14 0.694739 0.387166 0.023438 0.023438', '19 0.688297 0.364759 0.023438 0.023438', '25 0.425792 0.620838 0.023438 0.025098', '9 0.662675 0.381497 0.023438 0.023438', '10 0.673267 0.387540 0.023438 0.023438', '24 0.724218 0.555865 0.023438 0.023438', '26 0.443287 0.508146 0.023438 0.023438', '2 0.660741 0.656078 0.035381 0.065651', '3 0.727806 0.374242 0.023438 0.049929', '20 0.414299 0.285169 0.023438 0.023438', '21 0.500321 0.245704 0.023438 0.023438', '22 0.582114 0.242709 0.023438 0.023438', '23 0.672806 0.258592 0.023438 0.023438', '27 0.516473 0.249198 0.023438 0.023438', '28 0.657976 0.282870 0.023438 0.023438', '16 0.639349 0.439893 0.023438 0.023438', '18 0.703667 0.561729 0.023438 0.023438']"
orang,dataset_cropped_rescaled_1.5,C:\Users\Aldan\Desktop\ImproTYT\INNOVA\dataset_cropped_rescaled_1.5\CAMERA_1_2024-08-27_14-57-42_jpg.rf.38c6fe7909e061876e4335125efd755d.jpg,CAMERA_1_2024-08-27_14-57-42_jpg.rf.38c6fe7909e061876e4335125efd755d.jpg,26,"[0, 2, 3, 4, 5, 6, 7, 8, 9, 10, 11, 12, 13, 14, 16, 18, 19, 20, 21, 22, 23, 24, 25, 26, 27, 28]",8,"['8 0.408647 0.474225 0.054008 0.098734', '5 0.420822 0.427308 0.023438 0.023438', '6 0.433557 0.506328 0.023438 0.023438', '7 0.375882 0.478520 0.023438 0.023438', '4 0.634259 0.355561 0.034800 0.041266', '0 0.703277 0.465597 0.023438 0.023438', '12 0.502074 0.305116 0.023438 0.023438', '11 0.433086 0.339430 0.023438 0.023438', '13 0.602966 0.314759 0.023438 0.023438', '14 0.698367 0.402442 0.023438 0.023438', '19 0.693908 0.379447 0.023438 0.023438', '25 0.431733 0.630232 0.023438 0.025098', '9 0.665651 0.394421 0.023438 0.023438', '10 0.676563 0.401622 0.023438 0.023438', '24 0.728848 0.569358 0.023438 0.023438', '26 0.450220 0.522246 0.023438 0.023438', '2 0.664369 0.669590 0.035381 0.065651', '3 0.731774 0.385401 0.023438 0.049929', '20 0.421884 0.295740 0.023438 0.023438', '21 0.507255 0.258021 0.023438 0.023438', '22 0.587725 0.257986 0.023438 0.023438', '23 0.677094 0.276221 0.023438 0.023438', '27 0.521092 0.259180 0.023438 0.023438', '28 0.662926 0.297540 0.023438 0.023438', '16 0.644138 0.454866 0.023438 0.023438', '18 0.707956 0.575526 0.023438 0.023438']"
orang,dataset_cropped_rescaled_1.5,C:\Users\Aldan\Desktop\ImproTYT\INNOVA\dataset_cropped_rescaled_1.5\CAMERA_1_2024-08-27_15-02-15_jpg.rf.2b93128497f23f091876e01622feca9b.jpg,CAMERA_1_2024-08-27_15-02-15_jpg.rf.2b93128497f23f091876e01622feca9b.jpg,26,"[0, 2, 3, 4, 5, 6, 7, 8, 9, 10, 11, 12, 13, 14, 16, 18, 19, 20, 21, 22, 23, 24, 25, 26, 27, 28]",8,"['8 0.403367 0.470125 0.054008 0.098734', '5 0.418176 0.421444 0.023438 0.023438', '6 0.429599 0.501052 0.023438 0.023438', '7 0.372575 0.472638 0.023438 0.023438', '4 0.633267 0.349109 0.034800 0.041266', '0 0.705591 0.455027 0.023438 0.023438', '12 0.499760 0.298645 0.023438 0.023438', '11 0.430120 0.331800 0.023438 0.023438', '13 0.600651 0.310053 0.023438 0.023438', '14 0.697375 0.395971 0.023438 0.023438', '19 0.691603 0.373565 0.023438 0.023438', '25 0.428758 0.628485 0.023438 0.025098', '9 0.663998 0.389715 0.023438 0.023438', '10 0.675240 0.393993 0.023438 0.023438', '24 0.726533 0.564670 0.023438 0.023438', '26 0.447906 0.517540 0.023438 0.023438', '2 0.661733 0.664296 0.035381 0.065651', '3 0.731112 0.378948 0.023438 0.049929', '20 0.416934 0.292228 0.023438 0.023438', '21 0.503958 0.252745 0.023438 0.023438', '22 0.584760 0.251515 0.023438 0.023438', '23 0.676102 0.268574 0.023438 0.023438', '27 0.519118 0.254474 0.023438 0.023438', '28 0.660942 0.290499 0.023438 0.023438', '16 0.643968 0.449590 0.023438 0.023438', '18 0.706473 0.569358 0.023438 0.023438']"
orang,dataset_cropped_rescaled_1.5,C:\Users\Aldan\Desktop\ImproTYT\INNOVA\dataset_cropped_rescaled_1.5\CAMERA_1_2024-08-27_15-15-12_jpg.rf.dd2ce612a8409f8dcb6d95e0683802f1.jpg,CAMERA_1_2024-08-27_15-15-12_jpg.rf.dd2ce612a8409f8dcb6d95e0683802f1.jpg,26,"[0, 2, 3, 4, 5, 6, 7, 8, 9, 10, 11, 12, 13, 14, 16, 18, 19, 20, 21, 22, 23, 24, 25, 26, 27, 28]",8,"['8 0.403697 0.491248 0.054008 0.098734', '5 0.416202 0.439055 0.023438 0.023438', '6 0.428607 0.518663 0.023438 0.023438', '7 0.371253 0.491426 0.023438 0.023438', '4 0.631613 0.363779 0.034800 0.041266', '0 0.703938 0.473226 0.023438 0.023438', '12 0.498437 0.316257 0.023438 0.023438', '11 0.428798 0.351176 0.023438 0.023438', '13 0.600321 0.324742 0.023438 0.023438', '14 0.698367 0.411248 0.023438 0.023438', '19 0.690611 0.391783 0.023438 0.023438', '25 0.428096 0.642567 0.023438 0.025098', '9 0.664329 0.408503 0.023438 0.023438', '10 0.676232 0.414545 0.023438 0.023438', '24 0.727525 0.584046 0.023438 0.023438', '26 0.445271 0.535169 0.023438 0.023438', '2 0.662064 0.686613 0.035381 0.065651', '3 0.732104 0.402424 0.023438 0.049929', '20 0.416934 0.307487 0.023438 0.023438', '21 0.502305 0.267433 0.023438 0.023438', '22 0.583768 0.265615 0.023438 0.023438', '23 0.676764 0.282674 0.023438 0.023438', '27 0.518788 0.269162 0.023438 0.023438', '28 0.660942 0.306364 0.023438 0.023438', '16 0.643146 0.469537 0.023438 0.023438', '18 0.702345 0.585508 0.023438 0.023743']"
orang,dataset_cropped_rescaled_1.5,C:\Users\Aldan\Desktop\ImproTYT\INNOVA\dataset_cropped_rescaled_1.5\CAMERA_1_2024-08-27_15-19-26_jpg.rf.1911dfb481145959ad8051bef85e0672.jpg,CAMERA_1_2024-08-27_15-19-26_jpg.rf.1911dfb481145959ad8051bef85e0672.jpg,26,"[0, 1, 3, 4, 5, 6, 7, 8, 9, 10, 11, 12, 13, 14, 15, 17, 19, 20, 21, 22, 23, 24, 25, 26, 27, 28]",8,"['8 0.401974 0.486791 0.049860 0.093779', '5 0.416333 0.438182 0.023438 0.023438', '6 0.427315 0.517772 0.023438 0.023438', '7 0.370832 0.489412 0.023438 0.023438', '4 0.633557 0.344492 0.030842 0.036684', '0 0.700421 0.471907 0.023438 0.023438', '12 0.496543 0.315508 0.023438 0.023438', '11 0.427094 0.350018 0.023438 0.023438', '13 0.597735 0.326132 0.023438 0.023438', '14 0.693998 0.409269 0.023438 0.023438', '19 0.686944 0.387344 0.023438 0.023438', '25 0.427114 0.640945 0.023438 0.025098', '9 0.660371 0.404759 0.023438 0.023438', '10 0.671884 0.409091 0.023438 0.023438', '17 0.703858 0.584635 0.023438 0.023438', '24 0.723347 0.577237 0.023438 0.023438', '26 0.444329 0.532816 0.023438 0.023438', '1 0.662074 0.674795 0.030982 0.055597', '3 0.722846 0.391836 0.023438 0.051141', '20 0.415491 0.305472 0.023438 0.023438', '21 0.501002 0.265579 0.023438 0.023438', '22 0.581703 0.266292 0.023438 0.023438', '23 0.672826 0.282585 0.023438 0.023438', '27 0.516042 0.268895 0.023438 0.023438', '28 0.658246 0.304670 0.023438 0.023438', '15 0.638848 0.463565 0.023438 0.023438']"
orang,dataset_cropped_rescaled_1.5,C:\Users\Aldan\Desktop\ImproTYT\INNOVA\dataset_cropped_rescaled_1.5\CAMERA_1_2024-08-27_15-29-20_jpg.rf.229054fcd344ed4c6f161ac2be532d51.jpg,CAMERA_1_2024-08-27_15-29-20_jpg.rf.229054fcd344ed4c6f161ac2be532d51.jpg,26,"[0, 1, 3, 4, 5, 6, 7, 8, 9, 10, 11, 12, 13, 14, 15, 17, 19, 20, 21, 22, 23, 24, 25, 26, 27, 28]",8,"['8 0.404649 0.472709 0.051172 0.092727', '5 0.418297 0.425793 0.023438 0.023438', '6 0.429820 0.504635 0.023438 0.023438', '7 0.373808 0.476061 0.023438 0.023438', '4 0.631774 0.350749 0.031082 0.037326', '0 0.703277 0.459412 0.023438 0.023438', '12 0.497916 0.304278 0.023438 0.023438', '11 0.427966 0.336863 0.023438 0.023438', '13 0.599048 0.313743 0.023438 0.023438', '14 0.695782 0.396132 0.023438 0.023438', '19 0.688968 0.374528 0.023438 0.023438', '25 0.429259 0.628663 0.023438 0.025098', '9 0.662395 0.391194 0.023438 0.023438', '10 0.674208 0.396168 0.023438 0.023438', '17 0.705762 0.569483 0.023438 0.023438', '24 0.727034 0.562727 0.023438 0.023438', '26 0.447244 0.519144 0.023438 0.023438', '1 0.665291 0.660285 0.030982 0.052834', '3 0.724158 0.383137 0.023438 0.051141', '20 0.416623 0.295098 0.023438 0.023438', '21 0.502555 0.254777 0.023438 0.023438', '22 0.583727 0.256221 0.023438 0.023438', '23 0.674429 0.269875 0.023438 0.023438', '27 0.517595 0.258200 0.023438 0.023438', '28 0.658367 0.293333 0.023438 0.023438', '15 0.640752 0.448093 0.023438 0.023438']"
orang,dataset_cropped_rescaled_1.5,C:\Users\Aldan\Desktop\ImproTYT\INNOVA\dataset_cropped_rescaled_1.5\CAMERA_1_2024-08-27_15-32-35_jpg.rf.751bdcd8d3fc0132721b2bf808a887a9.jpg,CAMERA_1_2024-08-27_15-32-35_jpg.rf.751bdcd8d3fc0132721b2bf808a887a9.jpg,26,"[0, 2, 3, 4, 5, 6, 7, 8, 9, 10, 11, 12, 13, 14, 16, 18, 19, 20, 21, 22, 23, 24, 25, 26, 27, 28]",8,"['8 0.400731 0.467184 0.054008 0.098734', '5 0.416533 0.417326 0.023438 0.023438', '6 0.428607 0.498111 0.023438 0.023438', '7 0.372244 0.468538 0.023438 0.023438', '4 0.630621 0.344991 0.034800 0.041266', '0 0.700962 0.451497 0.023438 0.023438', '12 0.495802 0.296881 0.023438 0.023438', '11 0.428798 0.330036 0.023438 0.023438', '13 0.598667 0.310053 0.023438 0.023438', '14 0.695731 0.392460 0.023438 0.023438', '19 0.687966 0.371230 0.023438 0.023438', '25 0.427766 0.622014 0.023438 0.025098', '9 0.661683 0.388538 0.023438 0.023438', '10 0.672605 0.391640 0.023438 0.023438', '24 0.723898 0.559964 0.023438 0.023438', '26 0.445932 0.512852 0.023438 0.023438', '2 0.659088 0.660784 0.035381 0.065651', '3 0.728467 0.383636 0.023438 0.049929', '20 0.416934 0.286934 0.023438 0.023438', '21 0.502635 0.249804 0.023438 0.023438', '22 0.583437 0.249162 0.023438 0.023438', '23 0.673136 0.266239 0.023438 0.023438', '27 0.517796 0.250374 0.023438 0.023438', '28 0.658627 0.288146 0.023438 0.023438', '16 0.641162 0.445758 0.023438 0.023438', '18 0.703166 0.563494 0.023438 0.023438']"
orang,dataset_cropped_rescaled_1.5,C:\Users\Aldan\Desktop\ImproTYT\INNOVA\dataset_cropped_rescaled_1.5\CAMERA_1_2024-08-27_15-46-01_jpg.rf.92c236114d1a16de7f21a54552c16e0a.jpg,CAMERA_1_2024-08-27_15-46-01_jpg.rf.92c236114d1a16de7f21a54552c16e0a.jpg,26,"[0, 2, 3, 4, 5, 6, 7, 8, 9, 10, 11, 12, 13, 14, 16, 18, 19, 20, 21, 22, 23, 24, 25, 26, 27, 28]",8,"['8 0.402054 0.469537 0.054008 0.098734', '5 0.418507 0.420856 0.023438 0.023438', '6 0.430591 0.502228 0.023438 0.023438', '7 0.373236 0.472638 0.023438 0.023438', '4 0.633597 0.350856 0.034800 0.041266', '0 0.704599 0.459127 0.023438 0.023438', '12 0.500421 0.300410 0.023438 0.023438', '11 0.431112 0.335918 0.023438 0.023438', '13 0.600651 0.311230 0.023438 0.023438', '14 0.698036 0.397736 0.023438 0.023438', '19 0.690942 0.374742 0.023438 0.023438', '25 0.429088 0.628485 0.023438 0.025098', '9 0.664659 0.390891 0.023438 0.023438', '10 0.675571 0.397522 0.023438 0.023438', '24 0.725872 0.564670 0.023438 0.023438', '26 0.447255 0.515205 0.023438 0.023438', '2 0.660741 0.667237 0.035381 0.065651', '3 0.731112 0.390677 0.023438 0.049929', '20 0.419248 0.291052 0.023438 0.023438', '21 0.504940 0.252745 0.023438 0.023438', '22 0.586072 0.253868 0.023438 0.023438', '23 0.677094 0.270927 0.023438 0.023438', '27 0.519118 0.255651 0.023438 0.023438', '28 0.660942 0.291676 0.023438 0.023438', '16 0.642816 0.449590 0.023438 0.023438', '18 0.703998 0.570535 0.023438 0.023438']"
